name,net-worth,number-of-dots
A. Jayson Adair,2000000000,2
Abdulla Al Futtaim & family,3300000000,3
Abdulla bin Ahmad Al Ghurair & family,3900000000,4
Abdulsamad Rabiu,5200000000,5
Abhay Firodia,4300000000,4
Abhay Soi,2000000000,2
Abigail Bennett,1100000000,1
Abigail Johnson,29000000000,29
Acharya Balkrishna,3800000000,4
Adam Foroughi,2200000000,2
Adam Kwok,2200000000,2
Adam Neumann,2300000000,2
Adi Godrej,3800000000,4
Adriaan Mol,1800000000,2
Adrian Paval,1400000000,1
Aerin Lauder,2100000000,2
Agnete Kirk Thinggaard,6500000000,7
Agoes Projosasmito,5900000000,6
Agustín Coppel Luken,1600000000,2
Ahmet Calik,1500000000,2
Airat Shaimiev,2400000000,2
Ajay Jaisinghani,1600000000,2
Ajay Parekh,2400000000,2
Ajay Piramal,2800000000,3
Akio Nitori,4600000000,5
Akira Mori & family,3700000000,4
Alain Bouchard,8000000000,8
Alain Merieux & family,6600000000,7
Alain Taravella,1500000000,2
Alain Wertheimer,36800000000,37
Alan Gerry,1500000000,2
Alan Howard,3900000000,4
Alan Miller & family,1700000000,2
Alan Trefler,2600000000,3
Alan Wilson,2800000000,3
Alan Zekelman,1700000000,2
Albert Avdolyan,2900000000,3
Albert Chao & family,4900000000,5
Albert Nahmad,1300000000,1
Albert Shigaboutdinov,2200000000,2
Alberto Alcocer,1300000000,1
Alberto Bombassei,2500000000,3
Alberto Coppel Luken,1800000000,2
Alberto Cortina,1400000000,1
Alberto Palatchi,2100000000,2
Alberto Prada,2700000000,3
Alberto Siccardi & family,2800000000,3
Alceu Elias Feldmann & family,3700000000,4
Alec Gores,2200000000,2
Alejandro Baillères Gual & family,8100000000,8
Alejandro Bulgheroni,4900000000,5
Alejandro Santo Domingo,2800000000,3
Ales Zavoral,2000000000,2
Alessandra Garavoglia,3700000000,4
Alessandro Rosano,1400000000,1
Alex Beard,1900000000,2
Alex Birkenstock,1900000000,2
Alex Shevchenko,1900000000,2
Alexander Abramov,6400000000,6
Alexander Frolov,2800000000,3
Alexander Gerko,10400000000,10
Alexander Karp,2900000000,3
Alexander Knauf,1000000000,1
Alexander Lutsenko & family,2500000000,3
Alexander Mamut,1200000000,1
Alexander Mikhalskiy,1300000000,1
Alexander Otto,8800000000,9
Alexander Ponomarenko,2000000000,2
Alexander Ramlie,2800000000,3
Alexander Rinke,1100000000,1
Alexander Sixt,1700000000,2
Alexander Skorobogatko,2100000000,2
Alexander Svetakov,2500000000,3
Alexandra Andresen,1600000000,2
Alexandra Daitch,2000000000,2
Alexandra Schoerghuber & family,5000000000,5
Alexandre Behring,6300000000,6
Alexandre Grendene Bartelle,2600000000,3
Alexandre Van Damme,3400000000,3
Alexei Kuzmichev,6600000000,7
Alexey Mordashov & family,25500000000,26
Alexey Repik,2800000000,3
Alexis Lê-Quôc,2900000000,3
Alfred Gantner,3400000000,3
Alfred Oetker,2300000000,2
"Alfred West, Jr.",1600000000,2
Alfredo Egydio Arruda Villela Filho,2100000000,2
Alfredo Harp Helu & family,1200000000,1
Ali Erdemoglu,2500000000,3
Ali Ghodsi,1400000000,1
Ali Metin Kazanci,1600000000,2
Alice Schwartz,2500000000,3
Alice Walton,72300000000,72
Alicia Koplowitz,3200000000,3
Aliko Dangote,13400000000,13
Alisher Usmanov,13400000000,13
Allan Wong,1100000000,1
Aloke Lohia,1500000000,2
Alpana Dangi,1200000000,1
Amancio Ortega,1.03E+11,103
Ami Luttwak,1000000000,1
Amit Burman,1500000000,2
Amnon Shashua,1800000000,2
"Amos Hostetter, Jr.",3500000000,4
Amy Adams Strunk,2000000000,2
Amy Goldman Fowler,1100000000,1
Amy Wyss,2000000000,2
An Kang,2500000000,3
Ana Lucia de Mattos Barretto Villela,1900000000,2
Anand Burman,2200000000,2
Anand Deshpande,2300000000,2
Anand Mahindra,2900000000,3
Anand Surana,1200000000,1
Ananda Krishnan,4900000000,5
Anant Asavabhokhin,1100000000,1
Anatoly Sedykh,2600000000,3
Anders Holch Povlsen,12500000000,13
Andre Esteves,6600000000,7
"Andre Koo, Sr.",5200000000,5
Andrea Pignataro,27500000000,28
Andreas Halvorsen,7200000000,7
Andreas Martinos & family,1800000000,2
Andreas Pohl,2400000000,2
Andreas Struengmann & family,9800000000,10
Andreas von Bechtolsheim & family,14800000000,15
Andrei Bokarev,3900000000,4
Andrei Guryev & family,9300000000,9
Andrei Kosogov,1100000000,1
Andrei Kozitsyn,4400000000,4
Andrei Krivenko,1500000000,2
Andrei Kuzyaev,1000000000,1
Andrei Molchanov,1300000000,1
Andrei Rappoport,1100000000,1
Andrei Skoch & family,6700000000,7
Andrej Babis,3500000000,4
Andres Bzurovski Bay,1100000000,1
Andres Santo Domingo,1700000000,2
Andrew Beal,11500000000,12
Andrew Bialecki,2500000000,3
Andrew Cherng,3100000000,3
Andrew Currie,5500000000,6
Andrew Forrest & family,19000000000,19
Andrew Karam,1500000000,2
Andrew Tan,2000000000,2
Andrew Tisch,1200000000,1
Andrey Andreev,2100000000,2
Andrey Melnichenko & family,21100000000,21
Andy Fang,1200000000,1
Aneel Bhusri,3100000000,3
Angela Bennett,1300000000,1
Angela Leong,2400000000,2
Angelo Koo,1400000000,1
Anil Gupta,1400000000,1
Anita Zucker,2300000000,2
Ankur Jain,1200000000,1
Ann Walton Kroenke,10000000000,10
Anna Katharina Viessmann,3600000000,4
Anna Maria Braun,1400000000,1
Annalisa Doris,1500000000,2
Anne Beaufour,2700000000,3
Anne Werninghaus,1200000000,1
Annette Lerner & family,6400000000,6
Anthony Bamford & family,7500000000,8
Anthony Casalena,1600000000,2
Anthony Hall,1900000000,2
Anthony Langley,2500000000,3
Anthony Pratt,10600000000,11
Anthony Pritzker,3700000000,4
Anthony von Mandl,7700000000,8
Anthony Wood,1700000000,2
Antonia Ax:son Johnson & family,10200000000,10
Antonio Del Valle Ruiz & family,3500000000,4
Antonio Gracias,1100000000,1
Antonio Luiz Seabra,1400000000,1
Antonio Percassi,1600000000,2
Antony Ressler,10500000000,11
Antti Aarnio-Wihuri,1500000000,2
Antti Herlin,4000000000,4
Anu Aga,3300000000,3
Anurang Jain,1800000000,2
Apoorva Mehta,1000000000,1
Archie Aldis Emmerson & family,5400000000,5
Archie Hwang,1600000000,2
Aristotelis Mistakidis,3300000000,3
Arkady Rotenberg,4000000000,4
Arkady Volozh,1500000000,2
Arnon Milchan,3400000000,3
Arnout Schuijff,2800000000,3
Arsen Kanokov,1200000000,1
Art Levinson,1100000000,1
Artem Khachatryan,1600000000,2
Arthur Blank,8400000000,8
Arthur Dantchik,7000000000,7
Arthur Irving,6300000000,6
Arthur Xiaobo Hong,1100000000,1
Artur Grynbaum,1400000000,1
Arturo Moreno,4900000000,5
Arun Bharat Ram,3400000000,3
Arvind Lal,1300000000,1
Arvind Poddar,3200000000,3
Arvind Tiku,2300000000,2
Ashok Kajaria,1200000000,1
Ashwin Desai,1100000000,1
Asok Kumar Hiranandani,1700000000,2
Assaf Rappaport,1000000000,1
Athanasios Martinos & family,1500000000,2
Atul Ruia,2400000000,2
August Troendle,3300000000,3
Augusto Perfetti,2900000000,3
"Austen Cargill, II.",4200000000,4
Autry Stephens,24300000000,24
Avram Glazer,1700000000,2
Axel Oberwelland & family,1200000000,1
Axel Stawski,1000000000,1
Aydin Dogan,1200000000,1
Ayman Hariri,1400000000,1
Azim Premji,12000000000,12
Aziz Akhannouch & family,1700000000,2
"B. Wayne Hughes, Jr.",2100000000,2
Baba Kalyani,4100000000,4
Bachtiar Karim,1400000000,1
Bahaa Hariri,2100000000,2
Bahari Karim,1200000000,1
Baiju Bhatt,1100000000,1
Balkrishan Goenka,2600000000,3
Bambang Sutantio,1900000000,2
Bang Si-hyuk,1800000000,2
Banwari Lal Bawri,1900000000,2
Barbara Benetton,1500000000,2
Barbara Berlusconi,1200000000,1
Barbara Tyson,2100000000,2
Barry Diller,4200000000,4
Barry Lam,11000000000,11
Barry Sternlicht,3800000000,4
Barry Zekelman,3400000000,3
Bastian Nominacher,1200000000,1
Basudeo Singh,2400000000,2
Beate Heister,15900000000,16
Beatriz Davila de Santo Domingo,3800000000,4
Beda Diethelm,2600000000,3
Behdad Eghbali,3800000000,4
Ben Ashkenazy,1600000000,2
Ben Chestnut,5000000000,5
Ben Francis,1300000000,1
Ben Navarro,1500000000,2
Ben Silbermann,2000000000,2
Benedicte Find,1300000000,1
Benjamin Otto,2600000000,3
Bennett Dorrance,3100000000,3
Bennett Rosenthal,2100000000,2
Benny Suherman,1100000000,1
Benoit Dageville,1200000000,1
Bent Jensen & Family,2400000000,2
Benu Gopal Bangur,6800000000,7
Bernard Arnault & family,2.33E+11,233
Bernard Charles,1100000000,1
Bernard Ecclestone & family,2400000000,2
Bernard Fraisse & family,2500000000,3
Bernard Lewis & family,1500000000,2
Bernard Marcus,10300000000,10
"Bernard Saul, II. & family",2600000000,3
Bernd Freier,1500000000,2
Bernhard Braun-Luedicke,1700000000,2
Bert Beveridge,6800000000,7
Bertil Hult,2600000000,3
Bhadresh Shah,2600000000,3
Bharat Desai,1600000000,2
Bianca Rinehart,2100000000,2
Bidzina Ivanishvili,4900000000,5
Bill Alfond,3100000000,3
Bill Austin,3200000000,3
Bill Gates,1.28E+11,128
Bill Gross,1700000000,2
Bill Haslam,5100000000,5
Bill Malhotra,2200000000,2
Binny Bansal,1400000000,1
Binod Chaudhary,1800000000,2
Blair Parry-Okeden,6100000000,6
Blairo Maggi,1100000000,1
Bob Ell,2300000000,2
Bob Gaglardi,3800000000,4
Bob Muglia,1100000000,1
Bob Parsons,3600000000,4
Bobby Murphy,2800000000,3
Bom Kim,3200000000,3
Boris Rotenberg,1400000000,1
Boris Zingarevich,2100000000,2
Brad Jacobs,4100000000,4
Brad Kelley,2700000000,3
Brad Keywell,1400000000,1
Brandt Louie,1500000000,2
Brett Adcock,1400000000,1
Brett Blundy,2200000000,2
Brian Acton,3100000000,3
Brian Armstrong,11200000000,11
Brian Chesky,11000000000,11
Brian Higgins,1800000000,2
Brian Roberts,2000000000,2
Bris Rocher,2400000000,2
Bruce Cheng,2300000000,2
Bruce Flatt,3700000000,4
Bruce Karsh,2400000000,2
Bruce Kovner,7700000000,8
Bruce Mathieson,1300000000,1
Bruce Wilson,2800000000,3
Brunello Cucinelli & family,4500000000,5
Bryan Glazer,1700000000,2
Bubba Cathy,11200000000,11
Bulat Utemuratov,2700000000,3
Bulent Eczacibasi,1500000000,2
Burhan Karim,1200000000,1
Byron Trott,3100000000,3
C. Dean Metropoulos,2900000000,3
Cai Dongchen,2400000000,2
Cai Hongbin,1000000000,1
Cai Huabo,2000000000,2
Cai Kui,4000000000,4
Cameron Adams,2200000000,2
Cameron Winklevoss,2700000000,3
Candido Pinheiro Koren de Lima & family,2300000000,2
Cao Ji,1200000000,1
Cao Jianwei,1100000000,1
Cao Longxiang & family,3500000000,4
Cao Renxian,6300000000,6
"Cargill MacMillan, III.",1300000000,1
Carl Bennet,8500000000,9
Carl Cook,10600000000,11
Carl Douglas,6400000000,6
Carl Ferdinand Oetker,2300000000,2
Carl Icahn,5900000000,6
Carl Thoma,3500000000,4
Carlo Fidani,4800000000,5
Carlos Alberto Sicupira & family,8900000000,9
Carlos Eduardo M. Scripilliti,1100000000,1
Carlos Hank Rhon & family,4400000000,4
Carlos Pires Oliveira Dias,1100000000,1
Carlos Sanchez,1700000000,2
Carlos Slim Helu & family,1.02E+11,102
Carmen Daurella Aguilera,1500000000,2
Carmen Thyssen,1500000000,2
Caroline Hagen Kjos,2300000000,2
Carrie Perrodo & family,9600000000,10
Carson Brice,1100000000,1
Carsten Maschmeyer,1600000000,2
Caspar Callerström,1100000000,1
Catheline Perier D'Ieteren,3300000000,3
Catherine Lozick,3100000000,3
Catherine Phillips,1500000000,2
Cen Junda,2700000000,3
Chad Richison,1600000000,2
Chairul Tanjung,5500000000,6
Chan Laiwa & family,4700000000,5
Chan Tan Ching-fen,2600000000,3
Chandru Raheja,4900000000,5
Chang Jianming & family,1700000000,2
Chang Jing,1400000000,1
Chang Kuo-Hua,2100000000,2
Chang Kuo-Ming,1100000000,1
Chang Pyung-soon,1000000000,1
Changpeng Zhao,33000000000,33
Chao Teng-hsiung,2300000000,2
Charlene de Carvalho-Heineken & family,14100000000,14
Charles B. Johnson,5300000000,5
Charles Bronfman,2500000000,3
Charles Butt,7600000000,8
Charles Cohen,3000000000,3
Charles Dolan & family,5200000000,5
Charles Edelstenne,4200000000,4
Charles Ergen,1400000000,1
Charles Gibbon,1100000000,1
Charles Koch & family,58500000000,59
Charles Liang,6100000000,6
Charles Schwab,9800000000,10
Charles Simonyi,7300000000,7
Charles Zegar,3900000000,4
Charlotte Colket Weber,2000000000,2
Charlotte Soderstrom,1500000000,2
Charlwin Mao,1300000000,1
Charoen Sirivadhanabhakdi,11300000000,11
"Chase Coleman, III.",5700000000,6
Cheah Cheng Hye,1000000000,1
Chen Bang,8000000000,8
Chen Dongsheng,3800000000,4
Chen Fashu,2800000000,3
Chen Hua & family,2900000000,3
Chen Huwen,1300000000,1
Chen Huxiong,1200000000,1
Chen Jianhua,6600000000,7
Chen Jinxia,2100000000,2
Chen Kaichen,1400000000,1
Chen Kaixuan,2600000000,3
Chen Qiongxiang,1300000000,1
Chen Shibin,2100000000,2
Chen Tei-fu,2400000000,2
Chen Tianshi,2900000000,3
Chen Wenyuan & family,1100000000,1
Chen Xueli,1200000000,1
Chen Yung-tai,1600000000,2
Chen Zhiping,1700000000,2
Chen Zhisong,1200000000,1
Cheng Xue,2800000000,3
Cheng Yixiao,2300000000,2
Cheng Zhenghui,1300000000,1
Chey Tae-won,1500000000,2
Chi Yufeng,1900000000,2
Chin Jong Hwa,1000000000,1
Chip Wilson,6800000000,7
Chirayu Amin,1800000000,2
Cho Jung-ho,6300000000,6
Cho Jyh-jer,1700000000,2
Cho Tak Wong,3600000000,4
Choo Chong Ngen,2900000000,3
Chow Shing Yuk,1900000000,2
Chris Ellison,1200000000,1
Chris Larsen,3200000000,3
Chris Wallin,1500000000,2
Christian Angermayer,1100000000,1
Christian Birkenstock,2500000000,3
Christian Chabot,1300000000,1
Christian Haub,3700000000,4
Christian Herz,1100000000,1
Christian Latouche & family,2800000000,3
Christian Louboutin,1200000000,1
Christiane Schoeller,3700000000,4
Christine Franken & family,2500000000,3
Christine Knauf,1300000000,1
Christoffel Wiese,1200000000,1
Christoph Henkel,1800000000,2
Christoph Zeller,1500000000,2
Christopher Goldsbury,2000000000,2
Christopher Hohn,9500000000,10
Christopher Kwok,1400000000,1
Christopher Rokos,2300000000,2
Christopher Stolte,1500000000,2
Christy Walton,13600000000,14
Chu Jian,1000000000,1
Chu Lam Yiu,1900000000,2
Chu Mang Yee & family,1700000000,2
Chua Thian Poh,1100000000,1
Chung Mong-joon,1200000000,1
Chung Yong-jin,1200000000,1
Clóvis Ermírio de Moraes,1100000000,1
Clark Hunt & family,1400000000,1
Claudio Del Vecchio,4700000000,5
Clayton Zekelman,2100000000,2
Clelia Haji-Ioannou,1100000000,1
Clemens Toennies,1200000000,1
Clemente Del Vecchio,4700000000,5
Cliff Obrecht,4400000000,4
Clifford Asness,1800000000,2
Clive Calder,5700000000,6
Clive Palmer,4300000000,4
Colin Huang,38900000000,39
Conni Jonsson,2000000000,2
Constantinos Martinos & family,2300000000,2
Craig Abod,1100000000,1
Craig McCaw,2000000000,2
Cristina Green,1200000000,1
Cristina Junqueira,1400000000,1
Cynthia Helena Grossman Fleishman,2000000000,2
Cyrus Poonawalla,21300000000,21
D. Leopoldo Del Pino,2200000000,2
Dagmar Dolby & family,5100000000,5
Dai Wenyuan & family,1600000000,2
Dan Cathy,11200000000,11
Dan Friedkin,6400000000,6
Dan Gertler,1500000000,2
Dan Kurzius,5300000000,5
Dan Olsson,2800000000,3
Dan Snyder,4400000000,4
Dan Wilks,2000000000,2
Dang Yanbao,13400000000,13
Daniel Chiu,1600000000,2
Daniel D'Aniello,4300000000,4
Daniel Dines,2700000000,3
Daniel Ek,4200000000,4
Daniel Feffer,1500000000,2
Daniel Gilbert,26200000000,26
Daniel Hirschfeld,1700000000,2
Daniel Hunt & family,1400000000,1
Daniel Kretinsky,9400000000,9
Daniel Loeb,3300000000,3
Daniel Lubetzky,2300000000,2
Daniel Mate,3200000000,3
Daniel Och,3600000000,4
Daniel Pritzker,2600000000,3
Daniel Rocher,2400000000,2
Daniel Sundheim,2900000000,3
Daniel Tsai,5300000000,5
Daniel Ziff,6200000000,6
Danielle Bellon & family,3900000000,4
Danilo Iervolino,1000000000,1
Danna Azrieli,1600000000,2
Dannine Avara,7600000000,8
Darcie Glazer Kassewitz,1700000000,2
Darwin Deason,1300000000,1
Daryl Katz,5000000000,5
David Adelman,2000000000,2
David Baszucki,2600000000,3
David Blitzer,3100000000,3
David Bonderman,6400000000,6
David Booth,2100000000,2
David Cheriton,12600000000,13
David Duffield,14100000000,14
David Fattal & family,1300000000,1
David Feffer,1600000000,2
David Filo,3500000000,4
David Fong,2400000000,2
David Geffen,8000000000,8
David Golub,2100000000,2
David Green & family,13700000000,14
David Hindawi,1000000000,1
David Hoffmann,1600000000,2
David Kaplan,2000000000,2
David Lichtenstein,2000000000,2
David McMurtry,1600000000,2
David Mindus,2000000000,2
David Murdock,3400000000,3
David Nahmad,2300000000,2
David Paul,1400000000,1
David Peñaloza Alanís,1800000000,2
David Reuben,9600000000,10
David Rubenstein,3900000000,4
David Shaw,8300000000,8
David Siegel,7300000000,7
David Steward,7600000000,8
David Sun,13600000000,14
David Teoh,1600000000,2
David Tepper,20600000000,21
David Thomson & family,67800000000,68
David Velez & family,10800000000,11
David Walentas,2300000000,2
David Wertheim,2400000000,2
David Zalik,1800000000,2
Dean Solon,1600000000,2
Deepak Mehta,1800000000,2
Deng Weiming & family,1700000000,2
Deng Wen,2600000000,3
Denis Frolov,1000000000,1
Denis O'Brien,2800000000,3
Denis Shtengelov,1300000000,1
Denise Coates,9500000000,10
Denise York & family,5800000000,6
Deniz Sahenk,1200000000,1
Dennis Gillings,2400000000,2
Dennis Washington,7000000000,7
Dermot Desmond,2200000000,2
Devi Shetty,1900000000,2
Dewi Kam,4500000000,5
Dhanin Chearavanont,12500000000,13
Dharmesh Shah,1000000000,1
Dhruv Sawhney,1600000000,2
Diane Hendricks,20900000000,21
Diane Kemper,1100000000,1
Dick Wolf,1200000000,1
Diego Della Valle,1400000000,1
Dieter Schwarz,38000000000,38
Dietmar Hopp & family,5100000000,5
Dilip Shanghvi,26700000000,27
Dilip Surana,1200000000,1
Dinara Kulibaeva,5000000000,5
Ding Shijia,6000000000,6
Ding Shizhong,6300000000,6
Diona Teh Li Shian,1400000000,1
Dirk Rossmann & family,4700000000,5
Dirk Ziff,6200000000,6
Djoko Susanto,4100000000,4
Dmitri Bukhman,9000000000,9
Dmitry Alexeyev,1300000000,1
Dmitry Kamenshchik,2200000000,2
Dmitry Mazepin,2400000000,2
Dmitry Nikolaev,1800000000,2
Dmitry Pumpyansky,3300000000,3
Dmitry Rybolovlev & family,6400000000,6
Domenico Dolce,2100000000,2
Dominika Kulczyk,2000000000,2
Don Hankey,7400000000,7
Don Levin,1700000000,2
Don Vultaggio & family,6300000000,6
Dona Bertarelli,6200000000,6
Donald Bren,18000000000,18
Donald Friese,1200000000,1
Donald Horton & family,5900000000,6
Donald Newhouse,11000000000,11
Donald Sterling,4000000000,4
Donald Trump,2300000000,2
Dong Fan,1500000000,2
Dong Jinggui,2400000000,2
Dong Wei,1900000000,2
Dong Zengping,1100000000,1
Dora Voigt de Assis,1100000000,1
Doris Fisher,1500000000,2
Dorothy Chao Jenkins & family,4900000000,5
Dou Zhenggang,1000000000,1
Doug Meijer & family,5500000000,6
Doug Ostrover,2800000000,3
Douglas Hsu,2300000000,2
Douglas Leone,7200000000,7
Dragos Paval,2000000000,2
"Drayton McLane, Jr.",3200000000,3
Drew Houston,1800000000,2
Drorit Wertheim,1300000000,1
Du Jiangtao & family,2900000000,3
Duke Reyes,1900000000,2
Dulce Pugliese de Godoy Bueno,1000000000,1
Duncan MacMillan,1800000000,2
Dustin Moskovitz,18300000000,18
Dwight Schar,2600000000,3
E. Joe Shoen,4300000000,4
Eddy Sugianto,1300000000,1
Edir Macedo & family,2000000000,2
Edouard Carmignac,1000000000,1
Eduard Kucera,1400000000,1
Eduardo Costantini,1400000000,1
Eduardo Eurnekian,3000000000,3
Eduardo Saverin,28000000000,28
Eduardo Voigt Schwartz,1300000000,1
Edward Bass,2500000000,3
"Edward DeBartolo, Jr.",3300000000,3
Edward Glazer,1700000000,2
"Edward Johnson, IV.",11800000000,12
Edward Kwok,1400000000,1
Edward Lampert,2000000000,2
Edward Netylko,1000000000,1
"Edward Roski, Jr.",7100000000,7
Edward Stack,2700000000,3
Edwin Leong,3600000000,4
Edwin Soeryadjaya,1000000000,1
Edythe Broad & family,7000000000,7
Egon Durban,2300000000,2
Egor Kulkov,4200000000,4
Eiichi Kuriwada,1400000000,1
Elaine Marshall & family,24500000000,25
Elaine Wynn,2100000000,2
Eleanor Butt Crook & family,2800000000,3
Elena Baturina,1300000000,1
Eleonora Berlusconi,1200000000,1
Elisabeth DeLuca & family,8200000000,8
Elisabeth Douglas,1600000000,2
Elizabeth Johnson,9900000000,10
Elizabeth Sy,2100000000,2
Elizabeth Uihlein,5200000000,5
Elon Musk,1.95E+11,195
Emanuele (Lino) Saputo & family,4300000000,4
Emmanuel Besnier,25500000000,26
Enrique Coppel Luken,2400000000,2
Enrique Razon Jr.,10000000000,10
Eren Ozmen,3700000000,4
Eric Douglas,6400000000,6
Eric Lefkofsky,3900000000,4
Eric Li,16800000000,17
Eric Schmidt,20600000000,21
Eric Smidt,11700000000,12
Eric Wittouck,8500000000,9
Eric Ya Shen,1400000000,1
Eric Yuan & family,4200000000,4
Erich Wesjohann & family,5800000000,6
Erik Selin,4100000000,4
Erman Ilicak,2700000000,3
"Ernest Garcia, II.",8900000000,9
"Ernest Garcia, III",2400000000,2
Ernesto Bertarelli,11200000000,11
Erwin Franz Mueller,3000000000,3
Esther Grether,2000000000,2
Eugene Kaspersky,2000000000,2
Eugene Murtagh,2800000000,3
Eugene Wu,1100000000,1
Euisun Chung,3700000000,4
Eva Maria Braun-Luedicke,1700000000,2
Eva Maria Bucher-Haefner,3000000000,3
Evan Spiegel,3100000000,3
Evan Williams,1900000000,2
Evgeny (Eugene) Shvidler,1600000000,2
Eyal Ofer,24000000000,24
Ezra Nahmad,1800000000,2
Fahed Hariri,1200000000,1
Faisal Bin Qassim Al Thani,1700000000,2
Falguni Nayar,2900000000,3
Fan Daidi,2800000000,3
Fan Hongwei,3800000000,4
Fang Hongbo,1400000000,1
Fang Wei,3400000000,3
Farhad Moshiri,2700000000,3
Farkhad Akhmedov,1600000000,2
Farris Wilks,1900000000,2
Faruk Eczacibasi,1300000000,1
Fatih Ozmen,3600000000,4
Federico De Nora,1600000000,2
Felix Baker,2800000000,3
Femi Otedola,1400000000,1
Feng Hailiang,2600000000,3
Ferit Faik Sahenk,2400000000,2
Fernand Huts,3400000000,3
Fernando Chico Pardo,3300000000,3
Fernando Espinosa Abdalá,1600000000,2
Fernando Masaveu Herrero,2100000000,2
Fernando Roberto Moreira Salles,7600000000,8
Fernando Roig,2100000000,2
Filiz Sahenk,2200000000,2
Finn Rausing,7200000000,7
Fiona Geminder,2400000000,2
Firoz Mistry,4900000000,5
Florentino Perez,2800000000,3
Forrest Li,3600000000,4
Forrest Preston,1100000000,1
François Pinault & family,31600000000,32
Francesco Gaetano Caltagirone,4600000000,5
Francesco Saputo,1100000000,1
Francine von Finck & family,9200000000,9
Francis Choi,8200000000,8
Francisco Jose Riberas Mera,1400000000,1
Francois Feuillet & family,2400000000,2
Francoise Bettencourt Meyers & family,99500000000,100
"Frank Fertitta, III.",3100000000,3
Frank Holding,1200000000,1
Frank Laukien,3400000000,3
Frank Lowy,6500000000,7
Frank McCourt,1400000000,1
Frank Slootman,3000000000,3
Frank VanderSloot,3300000000,3
Frank Wang,4300000000,4
Franziska Wuerbser,1600000000,2
Fred Ehrsam,3100000000,3
Fred Smith,5600000000,6
Frederic Luddy,1400000000,1
Frederik Paulsen,7300000000,7
Fredrik Österberg,1800000000,2
Fredrik Lundberg,8200000000,8
Friede Springer,3000000000,3
Friederike Braun-Luedicke,1700000000,2
Friedhelm Loh,10600000000,11
Friedrich Knapp,4700000000,5
Frits Goldschmeding,6200000000,6
Fritz Draexlmaier,1800000000,2
Fu Guangming & family,1400000000,1
Fu Liquan & family,3700000000,4
Fumio Kaneko,1300000000,1
Fung Victor,1000000000,1
G. M. Rao,2900000000,3
G. Rajendran,2600000000,3
G.V. Prasad,1500000000,2
Gabe Newell,4300000000,4
Gabriel Escarrer & family,1200000000,1
Gabriella Meister,1600000000,2
Gail Miller,3900000000,4
Gan Zhongru,1200000000,1
Gang Ye,2500000000,3
Gao Dekang & family,4800000000,5
Gao Jifan & family,2900000000,3
Gao Xingjiang,1700000000,2
Gao Yi & family,1500000000,2
Garrett Camp,5100000000,5
Gary Chouest & family,2000000000,2
Gary Fegel,1700000000,2
Gary Friedman,1400000000,1
Gary Magness,1300000000,1
Gary Michelson,1800000000,2
Gary Rollins,6400000000,6
Gary Tharaldson,1200000000,1
Gautam Adani,84000000000,84
Gavril Yushvaev & family,1900000000,2
Gayle Benson,6100000000,6
Gennady Timchenko,23400000000,23
Geoffrey Kwok,2400000000,2
Geoffrey Palmer,3100000000,3
Georg Haub,1700000000,2
Georg Nemetschek & family,4700000000,5
Georg Schaeffler,10900000000,11
Georg Stumpf,12600000000,13
Georg von Opel,1300000000,1
George Alexander Muthoot,1300000000,1
George Argyros & family,3100000000,3
George Bishop,3200000000,3
George Jacob Muthoot,1300000000,1
George Joseph,1700000000,2
George Kaiser,14600000000,15
George Kurtz,3200000000,3
George Lucas,5500000000,6
George Marcus,1500000000,2
George Prokopiou & family,2600000000,3
George Roberts,12700000000,13
George Soros,6700000000,7
George Thomas Muthoot,1300000000,1
George Yancopoulos,2100000000,2
Georgi Domuschiev,2100000000,2
Gerald Ford,2700000000,3
Gerald Frere,3300000000,3
Gerald Schwartz,1500000000,2
Gerard Wertheimer,36800000000,37
Gerda Tschira,5200000000,5
Germán Larrea Mota Velasco & family,27900000000,28
German Khan,8500000000,9
Gerry Harvey,2100000000,2
Giammaria Giuliani,1500000000,2
Giancarlo Devasini,9200000000,9
Gianfelice Rocca,5600000000,6
Gianluigi Aponte,33100000000,33
Gil Shwed,4400000000,4
Gilles Martin,2800000000,3
Gina Rinehart,30800000000,31
Ginia Rinehart,2100000000,2
Giorgio Armani,11300000000,11
Giorgio Perfetti,3400000000,3
Giovanni Arvedi,1800000000,2
Giovanni Ferrero,43800000000,44
Girdhari Jaisinghani,1300000000,1
Girdhari Lal Bawri,1900000000,2
Giuliana Benetton,3400000000,3
Giuliana Caprotti,1100000000,1
Giuseppe Crippa & family,4700000000,5
Giuseppe De'Longhi & family,4800000000,5
Gleb Fetisov,1100000000,1
Glen Taylor,2900000000,3
Glenn Dubin,2900000000,3
God Nisanov,2900000000,3
Goh Cheng Liang,12700000000,13
Gong Hongjia & family,10200000000,10
Gopikishan Damani,7000000000,7
Gordon Getty,2100000000,2
Gordon Wu,1400000000,1
Graeme Hart,10400000000,10
Greg Mondre,2300000000,2
Gregg Hymowitz,1700000000,2
Gregorio Perez Companc & family,3900000000,4
Gretel Packer,1700000000,2
Gu Wei,1400000000,1
Gu Yuhua & family,2800000000,3
Gudrun Heine,2700000000,3
Guilherme Benchimol,2200000000,2
Guillaume Pousaz,7800000000,8
Guo Guangchang,2900000000,3
Gurbachan Singh Dhingra,3500000000,4
Gustav Magnar Witzoe,4200000000,4
Gustavo Denegri & family,3000000000,3
Guy Laliberté,1200000000,1
Gwendolyn Sontheim Meyer,4600000000,5
Gyorgy Gattyan,1100000000,1
H. Fisk Johnson,4900000000,5
"H. Ross Perot, Jr.",3700000000,4
Haim Saban,3000000000,3
Hal Jackman,1900000000,2
Hal Steinbrenner,1500000000,2
Haluk Bayraktar,1100000000,1
Hamad bin Jassim bin Jaber Al Thani,1800000000,2
Hamdi Akin & family,1400000000,1
Hamdi Ulukaya,2300000000,2
Hamilton James & family,4100000000,4
Hank Meijer & family,5500000000,6
Hans Georg Naeder,2800000000,3
Hans Langer,2700000000,3
Hans Melchers,2700000000,3
Hans Peter Wild,3500000000,4
Hans Sy,2600000000,3
Hans-Werner Hector,2500000000,3
Hansjoerg Wyss,4800000000,5
Hao Hong,1600000000,2
Haoyu Cai,3200000000,3
Harald Link,2100000000,2
Harald Tschira,5200000000,5
Hari Bhartia,1500000000,2
Harindarpal Banga,2800000000,3
Harley Sy,2400000000,2
Harold Hamm & family,18500000000,19
Harry Klagsbrun,1200000000,1
Harry Stine,9700000000,10
Harry Triguboff,16500000000,17
Harsh Goenka,3300000000,3
Harsh Mariwala,3000000000,3
Hartley Rogers,1200000000,1
Harvey Jones,1000000000,1
Haryanto Tjiptodihardjo,1300000000,1
Hasmukh Chudgar & family,7700000000,8
Hasso Plattner & family,12100000000,12
Hayes Barnard,3700000000,4
He Xiangjian & family,25100000000,25
He Xiaopeng,1700000000,2
He Zhenggang,1400000000,1
He Zuxun,1100000000,1
Heikki Herlin,1400000000,1
Heikki Kyostila,2100000000,2
Helen Johnson-Leipold,5000000000,5
Helena Dassault,2500000000,3
Helena Revoredo,1200000000,1
Helmut Sohmen,6400000000,6
Heloise Pratt,1900000000,2
Hemendra Kothari,1600000000,2
Henadiy Boholyubov,1000000000,1
Henri Beaufour,2700000000,3
Henry Davis,2400000000,2
Henry Engelhardt,1400000000,1
Henry Kravis,11700000000,12
Henry Laufer,2600000000,3
"Henry Nicholas, III.",11900000000,12
Henry Samueli,14100000000,14
Henry Swieca,2000000000,2
"Henry Sy, Jr.",2500000000,3
Herb Chambers,2600000000,3
Herb Simon,4800000000,5
"Herbert Allen, Jr. & family",1800000000,2
Herbert Sy,2500000000,3
Herbert Wertheim,4900000000,5
Hermanto Tanoko,2100000000,2
Hilton Schlosberg & family,3400000000,3
Hiroshi Ishibashi,1200000000,1
Hiroshi Mikitani,3800000000,4
Hisako Yamamoto,1500000000,2
Ho Hung Anh,1700000000,2
Holden Spaht,3300000000,3
Hong Feng,1100000000,1
Hong Jie,1700000000,2
Hong Ra-hee,4300000000,4
Hong Seok-joh,1000000000,1
Hope Welker,2100000000,2
Horst Julius Pudwill,5400000000,5
Horst Paulmann & family,3400000000,3
Horst Wortmann & family,1300000000,1
Hortensia Herrero,3200000000,3
Hou Juncheng,1900000000,2
"Howard Butt, III. & family",2000000000,2
Howard Marks,2200000000,2
Howard Schultz,3100000000,3
Hu Baifan,3100000000,3
Hu Kaijun,2500000000,3
Hu Rongda & family,2300000000,2
Hu Yangzhong,1800000000,2
Hua Shen,1000000000,1
Hua Xuande & family,1400000000,1
Huang Chulong,1300000000,1
Huang Dawen,1700000000,2
Huang Guanlin,1000000000,1
Huang Jian,1000000000,1
Huang Jiangji,1100000000,1
Huang Li,2800000000,3
Huang Qiaoling,1300000000,1
Huang Shan,1400000000,1
Huang Shilin,10600000000,11
Huang Xiaofen & family,1000000000,1
Huang Yi,2000000000,2
Huang Zhenda & family,1900000000,2
Hubert Burda,3800000000,4
Hugo Ribeiro & family,1000000000,1
Hui Lin Chit,1300000000,1
Hui Wing Mau,2100000000,2
Huijiao Yu,1700000000,2
Hussain Sajwani,5100000000,5
Ian Livingstone,4700000000,5
Ian Wood & family,1700000000,2
Ibrahim Erdemoglu,2800000000,3
Idan Ofer,15800000000,16
Igor Altushkin,3800000000,4
Igor Bukhman,9000000000,9
Igor Kesaev,5500000000,6
Igor Khudokormov,1700000000,2
Igor Kudryashkin,1000000000,1
Igor Makarov,2100000000,2
Igor Olenicoff,7700000000,8
Igor Rotenberg,1500000000,2
Igor Rybakov,1400000000,1
Igor Yakovlev,1400000000,1
Ilkka Herlin,1900000000,2
Ilona Herlin,1800000000,2
Ilson Mateus & family,2300000000,2
Inder Jaisinghani,1600000000,2
Ingrid Wu,1300000000,1
Ion Stoica,1200000000,1
Ion Tiriac,2100000000,2
Ipek Kirac,3100000000,3
Ira Rennert,3600000000,4
Irfan Razack,1300000000,1
Iris Fontbona & family,25700000000,26
Irving Grousbeck & family,1800000000,2
Isaac Perlmutter,4400000000,4
Isabella Seràgnoli,3300000000,3
Isak Andic & family,4000000000,4
Iskander Makhmudov,8300000000,8
Israel Englander,12400000000,12
Issad Rebrab & family,2500000000,3
Itamar Locks & family,1100000000,1
Itzhak Ezratti & family,1500000000,2
Ivan Chrenko,1600000000,2
Ivan Glasenberg,8900000000,9
Ivan Müller Botelho,1300000000,1
Ivan Savvidis & family,1400000000,1
Ivan Tavrin,2400000000,2
Ivan Zhao,1500000000,2
Ivar Tollefsen,8300000000,8
J. Christopher Flowers,1200000000,1
J. Christopher Reyes,9000000000,9
J. Hyatt Brown,3300000000,3
J. Joe Ricketts & family,3800000000,4
J. Tomilson Hill,3200000000,3
J. Wayne Weaver,1200000000,1
J.B. Pritzker,3500000000,4
Jack Cockwell,2100000000,2
Jack Cowin,3500000000,4
Jack Dangermond,9700000000,10
Jack Dorsey,4900000000,5
Jack Ma,24500000000,25
Jacqueline Mars,38500000000,39
Jacques D'Amours,3900000000,4
"Jacques Saadé, Jr.",8900000000,9
Jahm Najafi,1300000000,1
Jaime Gilinski Bacal,7700000000,8
"James Cargill, II.",4200000000,4
James Chambers,4000000000,4
James Chao & family,4900000000,5
James Clark,3800000000,4
James Dinan,2100000000,2
James Duff,3000000000,3
James Dyson,13600000000,14
James France,1800000000,2
James Goodnight,10100000000,10
James Irsay,4400000000,4
James Irving,5600000000,6
James Jannard,1300000000,1
James Leininger,1900000000,2
James Leprino,2100000000,2
James Packer,2900000000,3
James Peng,1000000000,1
James Ratcliffe,16500000000,17
James Scapa,1700000000,2
James Tisch,1300000000,1
James Truchard,1000000000,1
Jamie Dimon,2100000000,2
Jamshyd Godrej,3800000000,4
Jan Koum,16100000000,16
Jane Goldman,1100000000,1
Jane Lauder,3300000000,3
Janice McNair,5600000000,6
Jaran Chiaravanont,5400000000,5
Jared Isaacman,1900000000,2
Jared Smith,1400000000,1
Jaroslav Hascak & family,1800000000,2
Jason Chang,6600000000,7
Jason Jiang,3700000000,4
Jay Chaudhry,11300000000,11
Jay Hennick,1900000000,2
Jay Paul,3700000000,4
Jay Y. Lee,11500000000,12
Jay-Z,2500000000,3
Jayme Garfinkel & family,1900000000,2
Jayshree Ullal,3600000000,4
Jean (Gigi) Pritzker,5100000000,5
Jean Coutu & family,3300000000,3
Jean Madar,1100000000,1
Jean Salata,7300000000,7
Jean-Louis van der Velde,3900000000,4
Jean-Michel Besnier,8900000000,9
Jean-Pierre Cayard,3000000000,3
Jed McCaleb,2900000000,3
Jeff Bezos,1.94E+11,194
Jeff Greene,7500000000,8
Jeff Rothschild,5900000000,6
Jeff Skoll,4500000000,5
Jeff Sutton,2700000000,3
Jeff T. Green,4500000000,5
Jeff Tangney,1500000000,2
Jeff Yass,27600000000,28
Jeffery Hildebrand,12600000000,13
Jeffrey Cheah,2000000000,2
Jeffrey Gundlach,1600000000,2
"Jeffrey Koo, Jr.",1700000000,2
Jeffrey Lorberbaum,1400000000,1
Jeffrey Lurie & family,4600000000,5
Jeffrey Michael & family,1500000000,2
Jeffrey Soffer,1200000000,1
Jeffrey Talpins,3000000000,3
Jennifer Pritzker,2200000000,2
Jennifer Steinbrenner Swindal,1500000000,2
Jenny Lindén Urnes,1700000000,2
Jens von Bahr,1700000000,2
Jensen Huang,77000000000,77
"Jeremy Jacobs, Sr. & family",4500000000,5
Jerry Jones,13800000000,14
Jerry Moyes & family,1800000000,2
Jerry Reinsdorf,2100000000,2
Jerry Speyer & family,3100000000,3
Jerry Yang,2600000000,3
Jerzy Starak,4500000000,5
Jessica Steinbrenner,1500000000,2
Jet Jie Li,1500000000,2
Ji Qi,2800000000,3
Jian Jun,4000000000,4
Jian Yao,4100000000,4
Jiang Bin,4100000000,4
Jiang Jinhua,1200000000,1
Jiang Rensheng & family,10900000000,11
Jiang Weiping & family,3900000000,4
Jiang Yintai & family,1700000000,2
Jim Breyer,1800000000,2
Jim Coulter,4500000000,5
Jim Crane,2400000000,2
Jim Davis,4400000000,4
Jim Davis & family,5900000000,6
Jim Kavanaugh,4700000000,5
Jim Kennedy,6000000000,6
Jim Koch,1400000000,1
Jim McKelvey,1800000000,2
Jim Pattison,9300000000,9
Jim Simons,31400000000,31
Jim Thompson,2300000000,2
Jim Walton & family,78400000000,78
Jimmy Haslam,8000000000,8
Jimmy John Liautaud,2400000000,2
Jimmy Rane,1500000000,2
Jin Baofang,4300000000,4
Jin Lei,1400000000,1
Jin Lei & family,1600000000,2
Jitendra Virwani,2100000000,2
Joao Alves de Queiroz Filho,1200000000,1
Joao Moreira Salles,5300000000,5
Joao Roberto Marinho,2100000000,2
Joe Gebbia,9700000000,10
Joe Kiani,1100000000,1
Joe Lacob,2100000000,2
Joe Lau,1500000000,2
Joe Lewis,6300000000,6
Joe Mansueto,6500000000,7
"Joe Rogers, Jr.",1700000000,2
Joel Glazer,1700000000,2
Joel Greenberg,1300000000,1
Joesley Batista,3300000000,3
Johan Johannson,1300000000,1
Johann Graf,7100000000,7
Johann Rupert & family,12200000000,12
Johanna Braun,1400000000,1
John A. Sobrato & family,5800000000,6
John Abele,1900000000,2
John Armitage,1500000000,2
John Arnold,3300000000,3
John Bicket,4500000000,5
John Bloor,1500000000,2
John Brown,7700000000,8
John Catsimatidis,4300000000,4
John Caudwell,3400000000,3
John Christodoulou,1100000000,1
John Coates,4300000000,4
John Collison,7200000000,7
John de Mol,1800000000,2
John Doerr,11700000000,12
"John Dorrance, III.",2600000000,3
John Elkann,2600000000,3
John Fish,2300000000,2
John Fisher,3000000000,3
John Fredriksen,16900000000,17
John Gandel,3600000000,4
John Goff,1900000000,2
John Grayken,6900000000,7
John Hancock,2100000000,2
John Henry,5100000000,5
John Krystynak,1100000000,1
John Lim,1000000000,1
John MacMillan,1300000000,1
John Malone,9800000000,10
John Mars,38500000000,39
"John Menard, Jr.",25200000000,25
John Middleton,3700000000,4
John Morris,9500000000,10
John Overdeck,7300000000,7
John Oyler,1000000000,1
John Paul DeJoria,3000000000,3
John Paulson,3500000000,4
John Phillips,1500000000,2
John Pritzker,2700000000,3
John Reece,5500000000,6
John Sall,5000000000,5
John Tu,13600000000,14
John Tyson & family,2500000000,3
John Van Lieshout,1500000000,2
John Wilson,2800000000,3
Johnelle Hunt,4900000000,5
Jon Stryker,5400000000,5
Jon Yarbrough,3600000000,4
Jonas Kamprad,1100000000,1
Jonathan Gray,7400000000,7
Jonathan Kwok,2400000000,2
Jonathan Nelson,3400000000,3
Jonathan Oringer,1000000000,1
Jonathan Tisch,2100000000,2
Joop van den Ende,1300000000,1
Jorge Feffer & family,1500000000,2
Jorge Mas,1700000000,2
Jorge Moll Filho & family,4500000000,5
Jorge Paulo Lemann & family,16400000000,16
Jorge Perez,1700000000,2
Jorn Rausing,7200000000,7
José Coppel Luken,1800000000,2
Jose E. Feliciano,3800000000,4
Jose Ermirio de Moraes Neto,1500000000,2
Jose Isaac Peres & family,1300000000,1
Jose Joao Abdalla Filho,3500000000,4
Jose Maria Aristrain,1400000000,1
Jose Roberto Ermirio de Moraes,1500000000,2
Jose Roberto Marinho,2100000000,2
Josef Boquoi & family,1300000000,1
Joseph Bae,2000000000,2
Joseph Edelman,2500000000,3
Joseph Grendys,3900000000,4
Joseph Lau,13100000000,13
Joseph Liemandt,5100000000,5
Joseph Steinberg,1300000000,1
Joseph Tsai,8500000000,9
Josh Harris,8400000000,8
Josh Kushner,3600000000,4
Joy Alukkas,4400000000,4
Juan Abello,2500000000,3
Juan Carlos Escotet,4400000000,4
Juan Domingo Beckmann Legorreta & family,4600000000,5
Juan Maria Riberas Mera,1400000000,1
Juan Roig,5500000000,6
Jude Reyes,9000000000,9
Judy Faulkner,7400000000,7
Judy Love & family,10200000000,10
Juergen Blickle,7400000000,7
Julia Koch & family,64300000000,64
Julia Oetker,2300000000,2
Julia Thiele-Schuerhoff,3000000000,3
Julian Baker,2800000000,3
Julio Bozano,2200000000,2
Julio Ponce Lerou,2600000000,3
Junro Ito,1500000000,2
Jupally Rameshwar Rao,2300000000,2
Jurgen Wirtgen,2900000000,3
Justin Ishbia,5100000000,5
Justin Yuan,1500000000,2
K. Dinesh,2500000000,3
K.C. Liu,1800000000,2
Kabir Mulchandani,2000000000,2
Kagemasa Kozuki,1800000000,2
Kailashchandra Nuwal,2400000000,2
Kalanithi Maran,3100000000,3
Kalpana Parekh,1100000000,1
Kamal Ghaffarian,2300000000,2
Kapil Bhatia,1200000000,1
Karel Komarek,9500000000,10
Karen Pritzker,6100000000,6
Karen Virginia Beckmann Legoretta,3200000000,3
Karin Sartorius-Herbst,3400000000,3
Karin Schick,2300000000,2
Karl Albrecht Jr. & family,15900000000,16
Karl Friedrich Braun,1400000000,1
Karl Knauf,1300000000,1
"Karl Scheufele, III. & family",3400000000,3
Karl-Johan Persson,1600000000,2
Karsanbhai Patel,3400000000,3
Karthik Sarma,2900000000,3
Katarina Martinson,2400000000,2
Katharina Andresen,1700000000,2
Katharina Otto-Bernstein,3100000000,3
Katharine Rayner,4000000000,4
Katsumi Tada,2100000000,2
Kavitark Ram Shriram,2600000000,3
Kazuo Okada,1100000000,1
Ke Guihua,1200000000,1
Ke Xiping & family,1500000000,2
Ke Zunhong & family,1400000000,1
Keeree Kanjanapas,1200000000,1
Kei Hoi Pang,2500000000,3
Keiichi Shibahara,1400000000,1
Keiko Erikawa,1100000000,1
Keith Dunleavy & family,1900000000,2
Kelcy Warren,6000000000,6
Ken Fisher,8700000000,9
Ken Griffin,36400000000,36
Ken Kendrick,1100000000,1
Ken Langone,8700000000,9
Ken Xie,5000000000,5
Kenneth Dart,4700000000,5
Kenneth Feld & family,2700000000,3
Kenneth Hao,2300000000,2
Kenneth Lo,1100000000,1
Kenneth Tuchman,1100000000,1
Kenny Troutt,1700000000,2
Kentaro Ogawa,2700000000,3
Kenzo Tsujimoto,1200000000,1
Kerry Stokes,6600000000,7
Kevin David Lehmann,3300000000,3
Kevin Glazer,1700000000,2
Kevin Plank,1100000000,1
Kevin Systrom,2800000000,3
Kie Chie Wong,2200000000,2
Kiki Barki,1400000000,1
Kim Beom-su,4600000000,5
Kim Jae-young,1100000000,1
Kim Jun-ki,2000000000,2
Kim Jung-min,1400000000,1
Kim Jung-woong,1100000000,1
Kim Jung-youn,1400000000,1
Kim Kardashian,1700000000,2
Kim Taek-jin,1100000000,1
Kiran Mazumdar-Shaw,2700000000,3
Kiril Domuschiev,2100000000,2
Kirill Minovalov,1200000000,1
Kirsten Rausing,7200000000,7
Kishin RK,1600000000,2
Kishore Mariwala,2400000000,2
Kjeld Kirk Kristiansen,6000000000,6
Kjell Inge Rokke,4600000000,5
Klaus-Michael Kuehne,39200000000,39
Klaus-Peter Schulenberg,4000000000,4
Kochouseph Chittilappilly,1600000000,2
Koh Wee Meng,1500000000,2
Kommer Damen,2100000000,2
Konstantin Sixt,1700000000,2
Konstantin Strukov & family,1600000000,2
Koo Bon-neung,1200000000,1
Koo Bon-sik,1100000000,1
Koo Kwang-mo,2000000000,2
Koon Poh Keong,3700000000,4
Koos Bekker,2600000000,3
Kostyantin Zhevago,1200000000,1
Krishna Kumar Bangur,1200000000,1
Kristo Käärmann,2200000000,2
Krit Ratanarak,1500000000,2
Kuldip Singh Dhingra,3500000000,4
Kumar Birla,19700000000,20
Kuok Khoon Hong,2900000000,3
Kushal Pal Singh,20900000000,21
Kwak Dong Shin,2900000000,3
Kwee Liong Keng,1600000000,2
Kwee Liong Phing,1600000000,2
Kwee Liong Seen,1600000000,2
Kwee Liong Tek,1600000000,2
Kwek Leng Beng,3400000000,3
Kwek Leng Kee,2500000000,3
Kwek Leng Keow,1400000000,1
Kwek Leng Peck,1400000000,1
Kwon Hyuk-bin,3500000000,4
Kwong Siu-hing,12000000000,12
Lachhman Das Mittal,2900000000,3
Lai Jianfa,1400000000,1
Lai Jianping,1500000000,2
Lai Meisong,4500000000,5
Lai Shixian,1700000000,2
Lakshmi Mittal,16400000000,16
Lalit Khaitan,1000000000,1
Lam Kong,2400000000,2
Lam Wai-ying,2200000000,2
"Lamar Hunt, Jr. & family",1400000000,1
Lance Gokongwei,1100000000,1
Larry Connor & family,2000000000,2
Larry Ellison,1.41E+11,141
Larry Fink,1200000000,1
Larry Page,1.14E+11,114
Larry Robbins,2200000000,2
Larry Silverstein,1000000000,1
Larry Tanenbaum,2500000000,3
Lau Cho Kun,1500000000,2
Laurence Graff & family,3400000000,3
Laurene Powell Jobs & family,12800000000,13
Laurent Dassault,9400000000,9
Laurie Tisch,1600000000,2
Law Kar Po,7700000000,8
Lawrence Golub,2200000000,2
Lawrence Stroll,3900000000,4
LeBron James,1200000000,1
Lee Bass,2200000000,2
Lee Boo-jin,4000000000,4
Lee Dong-chae,2100000000,2
Lee Hae-jin,1400000000,1
Lee Ho-jin,1600000000,2
Lee Seo-hyun,3600000000,4
Lee Shau Kee,27700000000,28
Lee Su-jin,1500000000,2
Lee Yeow Chor,3100000000,3
Lee Yeow Seng,2300000000,2
Leena Tewari,3200000000,3
Lei Jufang,1500000000,2
Lei Jun,10900000000,11
Len 00000000lavatnik,32100000000,32
Leng Youbin,2700000000,3
Lennart Blecher,1000000000,1
Leo Koguan,6000000000,6
Leon Black,14000000000,14
Leon G. Cooperman,2800000000,3
Leonard Abess,2300000000,2
Leonard Lauder,15100000000,15
Leonard Schleifer,3500000000,4
Leonard Stern,8100000000,8
Leonardo Maria Del Vecchio,4700000000,5
Leonid Boguslavsky,4700000000,5
Leonid Fedun,10500000000,11
Leonid Mikhelson & family,27400000000,27
Leonid Radvinsky,3000000000,3
Leonid Simanovsky,1600000000,2
Leopoldo Espinosa Abdalá,1600000000,2
Les Wexner & family,6000000000,6
Lesley Bamberger,1800000000,2
Leslie Alexander,1900000000,2
Lev Kvetnoi,1100000000,1
Li Chunan,3900000000,4
Li Gaiteng,3000000000,3
Li Ge,5600000000,6
Li Guoqiang,1200000000,1
Li Haiyan,1600000000,2
Li Hongxin & family,2700000000,3
Li Hua,2900000000,3
Li Jianquan & family,2200000000,2
Li Jiaquan,1400000000,1
Li Jinyang,1100000000,1
Li Ka-shing,37300000000,37
Li Li,1900000000,2
Li Liangbin,1800000000,2
Li Liufa & family,2000000000,2
Li Min,1400000000,1
Li Ping,4500000000,5
Li Qiong,1400000000,1
Li Rucheng,1700000000,2
Li Shuirong & family,10500000000,11
Li Sze Lim,1400000000,1
Li Wanqiang,1100000000,1
Li Weiguo,1500000000,2
Li Weiwei,1400000000,1
Li Xiang,8400000000,8
Li Xiaohua & family,1100000000,1
Li Xiting,15100000000,15
Li Xuhui,1400000000,1
Li Zhenguo & family,4300000000,4
Li Zhiyuan,1100000000,1
Li Zhongchu,1600000000,2
Liang Feng,1800000000,2
Liang Guangwei,1000000000,1
Liang Qin & family,1200000000,1
Liang Rubo,2200000000,2
Liang Wengen,6100000000,6
Liang Xinjun,2400000000,2
Liang Yunchao,2100000000,2
Liang Zhaoxian,1200000000,1
Liesel Pritzker Simmons,1500000000,2
Lillian Teh Li Ming,1400000000,1
Lillyn Teh Li Hua,1400000000,1
Lim Chai Hock,1400000000,1
Lim Hariyanto Wijaya Sarwono,4000000000,4
Lim Kok Thay,2300000000,2
Lin Bin,4700000000,5
Lin Chang Su-O,1300000000,1
Lin Chen-hai,3500000000,4
Lin Fanlian,1600000000,2
Lin Jianhua,4700000000,5
Lin Lairong & family,1300000000,1
Lin Li,5500000000,6
Lin Ming-hsiung,2600000000,3
Lin Muqin & family,6800000000,7
Lin Shu-hong,5700000000,6
Lin Xiucheng & family,2000000000,2
Lina Tombolato,1400000000,1
Linda Pritzker,2000000000,2
Lindsay Fox,3000000000,3
Ling Bin,1100000000,1
Ling Tang,1500000000,2
Liora Ofer,1900000000,2
Lirio Parisotto,2800000000,3
Lisa Su,1300000000,1
Liu Chengyu & family,1100000000,1
Liu Fangyi,1100000000,1
Liu Gexin & family,1400000000,1
Liu Hanyuan,8600000000,9
Liu Jincheng & family,2800000000,3
Liu Ming Chung,1100000000,1
Liu Wei,1800000000,2
Liu Weiping,1200000000,1
Liu Xiaodong,1600000000,2
Liu Xiucai & family,1100000000,1
Liu Yonghao & family,5100000000,5
Liu Yongxing,10000000000,10
Livia Voigt,1100000000,1
Lloyd Blankfein,1300000000,1
Lorenzo Fertitta,3000000000,3
Lorinc Meszaros,1700000000,2
Lottie Tham & family,2500000000,3
Louis Bacon,1000000000,1
Louis Le Duff,1800000000,2
Louise Lindh,2300000000,2
Low Tuck Kwong,27400000000,27
Lu Di,1700000000,2
Lu Weiding,2800000000,3
Lu Xiangyang,11600000000,12
Lu Yiwen,1200000000,1
Lu Zhongfang,1000000000,1
Lu Zongjun,1100000000,1
Luca Del Vecchio,4700000000,5
Luca Garavoglia,4300000000,4
Lucia Maggi & family,1200000000,1
Luciano Benetton,3400000000,3
Luciano Hang,2300000000,2
Lucio Co,1200000000,1
Lucio Tan,2500000000,3
Lucy Stitzer,2000000000,2
Ludwig Merckle,9400000000,9
Ludwig Theodor Braun,1400000000,1
Lui Che Woo,11200000000,11
Luigi Berlusconi,1200000000,1
Luigi Cremonini & family,1000000000,1
Luis Carlos Sarmiento,7300000000,7
Luiz Frias,2200000000,2
Lukas Walton,28000000000,28
Luo Liguo & family,5000000000,5
Luo Yangyong & family,1400000000,1
Luo Yuhao,1700000000,2
Lutz Mario Helmig & family,3300000000,3
Lynda Resnick,5600000000,6
Lynn Schusterman & family,4500000000,5
Lynsi Snyder,6700000000,7
Lyu Yixiong,1800000000,2
M.A. Yusuff Ali,7600000000,8
M.Satyanarayana Reddy,2000000000,2
Märta Schörling Andreen,5600000000,6
Ma Huateng,30200000000,30
Ma Jianrong,6300000000,6
Ma Yunsheng,1100000000,1
MacKenzie Scott,35600000000,36
Madhukar Parekh,3500000000,4
Madhur Bajaj,3800000000,4
Magdalena Martullo-Blocher,6400000000,6
Maggie Gu,4200000000,4
Maggie Hardy,4100000000,4
Magic Johnson,1200000000,1
Mahaveer Prasad Taparia,1000000000,1
Mahendra Choksi & family,5500000000,6
Maike Oberwelland-Height,1800000000,2
Maja Oeri,3000000000,3
Manas Chiaravanond,1800000000,2
Manfredi Lefebvre d'Ovidio & family,1700000000,2
Mangal Prabhat Lodha,10400000000,10
Manny Stul,1100000000,1
Manohar Lal Agarwal,1500000000,2
Manoj Punjabi,1900000000,2
Manuel Lao Hernández & family,1300000000,1
Manuel Villar,11000000000,11
Mao Lixiang & family,1000000000,1
Mao Zhongwu,1100000000,1
Marc Andreessen,1900000000,2
Marc Benioff,10600000000,11
Marc Fielmann,2900000000,3
Marc Ladreit de Lacharriere,4300000000,4
Marc Lasry,1900000000,2
Marc Lipschultz,2000000000,2
Marc Rowan,6500000000,7
Marcel Erni,3400000000,3
Marcel Herrmann Telles & family,10900000000,11
Marcelo Claure,2000000000,2
Marco Squinzi,1100000000,1
Marcos Galperin,6300000000,6
Marek Dospiva,1800000000,2
Maren Otto,2700000000,3
Margaretta Taylor,4000000000,4
Margarita Louis-Dreyfus & family,4900000000,5
Margot Birmingham Perot,4900000000,5
Maria Angelicoussis,6400000000,6
Maria Asuncion Aramburuzabala & family,6300000000,6
Maria Consuelo Dias Branco,1200000000,1
Maria Del Pino,3300000000,3
Maria Fernanda Amorim & family,5700000000,6
Maria Franca Fissolo,2200000000,2
Maria Frias,1200000000,1
Maria-Elisabeth Schaeffler-Thumann,2700000000,3
Marian Ilitch,4000000000,4
Mariana Voigt Schwartz Gomes,1300000000,1
Marianna Latsis & family,1800000000,2
Marianne Liebmann,4200000000,4
Marie Besnier Beauvalot,8900000000,9
Marie-Hélène Habert-Dassault,9400000000,9
Marie-Hélène Peugeot-Roncoroni & family,1400000000,1
Marijke Mars,9600000000,10
Marina Berlusconi,2100000000,2
Marina Budiman,1000000000,1
Marina Caprotti,1100000000,1
Marina Prada,2700000000,3
Mario Gabelli,1800000000,2
Mario Germano Giuliani,1900000000,2
Mario Moretti Polegato & family,1400000000,1
Mario Verrocchi,1400000000,1
Marisa Del Vecchio,4700000000,5
Maritsa Lazari & family,2800000000,3
Marius Nacht,1400000000,1
Mark Coombs,1900000000,2
Mark Cuban,5400000000,5
Mark Davis,2300000000,2
Mark Dixon,1200000000,1
Mark Jones,1000000000,1
Mark Leonard & family,4300000000,4
Mark Mateschitz,39600000000,40
Mark Meijer & family,5500000000,6
Mark Pincus,1400000000,1
Mark Scheinberg,5600000000,6
Mark Shoen,5000000000,5
Mark Stevens,6500000000,7
Mark Walter,6000000000,6
Mark Zuckerberg,1.77E+11,177
Markus Blocher,3500000000,4
Markus Persson,1300000000,1
Martha Ingram & family,4400000000,4
Martha MacMillan,1300000000,1
Martin Bouygues,2600000000,3
Martin Ebner,3100000000,3
Martin Haefner,5400000000,5
Martin Klenk,1200000000,1
Martin Knauf,1000000000,1
Martin Lau,1800000000,2
Martin Lorentzon,5900000000,6
Martin Moller Nielsen,1300000000,1
Martin Viessmann,2500000000,3
Martua Sitorus,3400000000,3
Mary Alice Dorrance Malone,3700000000,4
Masaaki Arai,1500000000,2
Masahiro Miki,3800000000,4
Masahiro Noda,3800000000,4
Masateru Uno & family,2000000000,2
Masayoshi Son,32700000000,33
Massimiliana Landini Aleotti & family,7600000000,8
Massimo Doris,1500000000,2
Massimo Moratti,1900000000,2
Mat Ishbia,9900000000,10
Matei Zaharia,1200000000,1
Mathias Doepfner,1200000000,1
Mathias Kamprad,1100000000,1
Matthew Prince,3400000000,3
Matthew Pritzker,1700000000,2
Matthew Roszak,3100000000,3
Matthias Reimann-Andersen,5600000000,6
Matthias Reinhart,3600000000,4
Maurizio Billi,3600000000,4
Max Levchin,1100000000,1
Max Lytvyn,1900000000,2
Maxim Shubarev,1400000000,1
Maximilian Viessmann,6400000000,6
Meg Whitman,3100000000,3
Mehmet Aydinlar,1200000000,1
Mehmet Sinan & Family Tara,1900000000,2
Melanie Perkins,4400000000,4
Melinda French Gates,11100000000,11
Melissa Ma,1700000000,2
Meng Qingshan & family,1800000000,2
Mi Enhua,2300000000,2
Miao Hangen,3800000000,4
Miao Yongjun,1400000000,1
Michael Andlauer,1100000000,1
Michael Arougheti,1900000000,2
Michael Ashcroft,2000000000,2
Michael Ashley,5200000000,5
Michael Bloomberg,1.06E+11,106
Michael Dell,91000000000,91
Michael Federmann & family,3400000000,3
Michael Gans & family,1100000000,1
Michael Hartono,25500000000,26
Michael Heine,1700000000,2
Michael Herz,7900000000,8
Michael Hintze,2700000000,3
Michael Jordan,3200000000,3
Michael Kadoorie,6300000000,6
Michael Kim,9700000000,10
Michael Krasny,1300000000,1
Michael Kum,1100000000,1
Michael Latifi,3400000000,3
Michael Lee-Chin,1400000000,1
Michael Milken,6500000000,7
Michael Minhong Yu,2500000000,3
Michael Moritz,5600000000,6
Michael Novogratz,2500000000,3
Michael Otto,8100000000,8
Michael Patterson,1100000000,1
Michael Pieper,4800000000,5
Michael Platt,18000000000,18
Michael Polsky,3300000000,3
Michael Rees,1700000000,2
Michael Rubin,11500000000,12
Michael S. Smith,1000000000,1
Michael Saylor,4400000000,4
Michael Spencer,1300000000,1
Michael Steinhardt,1300000000,1
Michael Tojner,1300000000,1
Michael Xie,4300000000,4
Michael Ying,2200000000,2
Michaela Herz,1100000000,1
Michal Solowow,6900000000,7
Michal Strnad,4400000000,4
Michel Leclercq & family,5000000000,5
Michel Litvak,1300000000,1
Michelle Zatlyn,1200000000,1
Michiel Le Roux,1200000000,1
Micky Arison,8000000000,8
Miguel Fluxa Rossello,2100000000,2
Miguel Krigsner,5700000000,6
Mika Anttonen,2200000000,2
Mike Adenuga,6700000000,7
Mike Cannon-Brookes,13300000000,13
Mike Repole,1600000000,2
Mike Speiser,1200000000,1
Mikhail Fridman,13100000000,13
Mikhail Gutseriev,3700000000,4
Mikhail Lomtadze,5200000000,5
Mikhail Prokhorov,11000000000,11
Mikhail Shelkov,3500000000,4
Milane Frantz,7600000000,8
Min Kao & family,5200000000,5
Min-Liang Tan,1300000000,1
Miriam Adelson & family,32000000000,32
Miriam Baumann-Blocher,2500000000,3
Mitchell Goldhar,2700000000,3
Mitchell Jacobson,1800000000,2
Mitchell Rales,4900000000,5
Miuccia Prada,6400000000,6
Mochtar Riady & family,1400000000,1
Mofatraj Munot,1600000000,2
Mohamed Mansour,3300000000,3
Mohammed Dewji,1800000000,2
Mohammed Ibrahim,1300000000,1
Mohed Altrad,3400000000,3
Molly Miao,4200000000,4
Mong-Koo Chung,4900000000,5
Mori Arkin,1500000000,2
Morris Chang,3400000000,3
Morris Kahn,1100000000,1
Mortimer Zuckerman,2600000000,3
Motilal Oswal,1100000000,1
Mrudula Parekh,2100000000,2
Mu Rongjun,1400000000,1
Muhammed Aziz Khan,1100000000,1
Mukesh Ambani,1.16E+11,116
Murali Divi & family,6200000000,6
Murat Ulker,5100000000,5
Murat Vargi,1000000000,1
Murdaya Poo,1200000000,1
Mustafa Hamied,1400000000,1
Mustafa Kucuk,2000000000,2
Mustafa Rahmi Koc,2700000000,3
Myron Wentz,1300000000,1
N. Murray Edwards,3300000000,3
N.R. Narayana Murthy,4700000000,5
Nadia Thiele,7100000000,7
Nadir Godrej,3800000000,4
Naguib Sawiris,3800000000,4
Najib Mikati,2800000000,3
Nan Cunhui,1400000000,1
Nancy Lerner,1200000000,1
Nancy Walton Laurie,10100000000,10
Nandan Nilekani,3100000000,3
Naomi Azrieli,1600000000,2
Narendrakumar Parekh,2400000000,2
Naresh Jain,1200000000,1
Naresh Trehan,1300000000,1
Nassef Sawiris,8800000000,9
Natacha Nikolajevic,2500000000,3
Nathan Blecharczyk,10600000000,11
Nathan Kirsh,7200000000,7
Neal Blue & family,3400000000,3
Neerja Sethi,1000000000,1
Neide Helena de Moraes,1500000000,2
Neil Bluhm,6300000000,6
Neil Shen,3500000000,4
Nelson Peltz,1700000000,2
Nerio Alessandri,1600000000,2
Nguyen Dang Quang,1200000000,1
Nguyen Thi Phuong Thao,2800000000,3
Ni Yongpei & family,2100000000,2
Ni Zugen,1600000000,2
Nicholas Howley,1100000000,1
Nicholas Pritzker,1600000000,2
Nicholas Woodman,1200000000,1
Nick Caporella,4300000000,4
Nicky Oppenheimer & family,9500000000,10
Nicola Bulgari,2100000000,2
Nicola Leibinger-Kammueller,1900000000,2
Nicolas Berggruen,3200000000,3
Nicolas D'Ieteren,4000000000,4
Nicolas Puech,15600000000,16
Nicoletta Zampillo,4700000000,5
Nie Tengyun & family,1300000000,1
Niels Peter Louis-Hansen,7400000000,7
Nigel Austin,1200000000,1
Nihat Ozdemir,1900000000,2
Nik Storonsky,2700000000,3
Nikhil Kamath,3100000000,3
Nikhil Merchant,1000000000,1
Nikil Viswanathan,1500000000,2
Nikolai Buinov,3300000000,3
Nikolay Fartushnyak,1500000000,2
Nir Zuk,1400000000,1
Niraj Bajaj,3800000000,4
Niranjan Hiranandani,1400000000,1
Nirmal Minda,2700000000,3
Nithin Kamath,4800000000,5
Niti Osathanugrah,1100000000,1
Noam Gottesman,2300000000,2
Noaman Razack,1300000000,1
Nobutada Saji,1300000000,1
Nobutoshi Shimamura,1600000000,2
Norbert Dentressangle & family,1700000000,2
Norma Lerner,1200000000,1
Norman Braman,3500000000,4
Noubar Afeyan,1400000000,1
Nusli Wadia,4400000000,4
O. Francis Biondi,1800000000,2
Odd Reitan & family,4900000000,5
Oei Hong Leong,1900000000,2
Oleg Boyko,1200000000,1
Oleg Deripaska,2800000000,3
Oliver Samwer,1000000000,1
Olivier Bouygues,2600000000,3
Olivier Pomel,3000000000,3
Onkar Kanwar,1500000000,2
Oprah Winfrey,2800000000,3
Or Wai Sheun,2500000000,3
Oren Zeev,2000000000,2
Orion Hindawi,1100000000,1
Orlando Bravo,8700000000,9
Othman Benjelloun & family,1400000000,1
Otto Happel,3200000000,3
Otto Philipp Braun,3300000000,3
Otto Toto Sugiri,1800000000,2
P.N.C. Menon,2800000000,3
P.P. Reddy,2300000000,2
P.V. Krishna Reddy,2200000000,2
P.V. Ramprasad Reddy,2900000000,3
Pablo Legorreta,3200000000,3
Palmer Luckey,2300000000,2
Pamela Mars,9600000000,10
Pan Dong,1300000000,1
Pan Laican,1400000000,1
Pan Shiyi,1200000000,1
Pang Kang,8500000000,9
Pankaj Patel,9500000000,10
Pansy Ho,3800000000,4
Paola Del Vecchio,4700000000,5
Paolo Ardoino,3900000000,4
Paolo Bulgari,1600000000,2
Paolo Rocca,5600000000,6
Park Hyeon-joo,1200000000,1
Park Soon-jae,1500000000,2
Parker Conrad,2000000000,2
Pat Stryker,3900000000,4
Patrice Motsepe,2700000000,3
Patricia Angelini Rossi,1400000000,1
Patrick Collison,7200000000,7
Patrick Drahi,5900000000,6
Patrick Hanrahan,2300000000,2
Patrick Lee,2900000000,3
Patrick Ryan,10700000000,11
Patrick Soon-Shiong,6200000000,6
Patrick Zalupski,2300000000,2
Patrizio Bertelli,6400000000,6
Paul Fireman,1300000000,1
Paul Foster,1600000000,2
Paul Gauselmann & family,2500000000,3
Paul Lee,1500000000,2
Paul Novelly & family,1400000000,1
Paul Saville,2200000000,2
Paul Sciarra,1500000000,2
Paul Singer,6100000000,6
"Paul Tudor Jones, II.",8100000000,8
Paul-Heinz Wesjohann & family,3500000000,4
Pauline MacMillan Keinath,7300000000,7
Pavan Jain,1700000000,2
Pavel Baudis,2300000000,2
Pavel Demidov & family,1100000000,1
Pavel Durov,15500000000,16
Pavel Golubkov,1200000000,1
Pavel Tykac,7700000000,8
Pawan Munjal,1700000000,2
Pawel Marchewka,2100000000,2
Pedro Grendene Bartelle,1100000000,1
Pedro Moreira Salles,7100000000,7
Peggy Cherng,3100000000,3
Pei Zhenhua,5900000000,6
Peng Zhao,1200000000,1
Penny Pritzker,3700000000,4
Per Franzén,1000000000,1
Peter Gassner,3800000000,4
Peter Gilgan,5500000000,6
Peter Grogg,4400000000,4
Peter Hargreaves,2700000000,3
Peter Jackson,1500000000,2
Peter Kamprad,1100000000,1
Peter Kellogg,4200000000,4
Peter Kelly,1300000000,1
Peter Leibinger,1900000000,2
Peter Lim,1900000000,2
Peter Sondakh,2100000000,2
Peter Sperling,1700000000,2
Peter Spuhler,3900000000,4
Peter Thiel,7500000000,8
Peter Unger,2700000000,3
Peter Woo,15100000000,15
Peter-Alexander Wacker,1100000000,1
Petter Stordalen & family,1300000000,1
Pham Nhat Vuong,4400000000,4
Phil Knight & family,40900000000,41
Phil Ruffin,2700000000,3
Philip Anschutz,15300000000,15
Philip Green,1200000000,1
Philip Ng,7200000000,7
Philip Niarchos,2800000000,3
Philippe Benacin,1000000000,1
Philippe Ginestet & family,1700000000,2
Philippe Laffont,6100000000,6
Phillip Frost,1800000000,2
Phillip T. (Terry) Ragon,3000000000,3
Phongthep Chiaravanont,1800000000,2
Pier Silvio Berlusconi,2100000000,2
Piero Ferrari,8600000000,9
Pierre Chen,5900000000,6
Pierre Karl Péladeau,1900000000,2
Pierre Omidyar,6300000000,6
Pierre van der Mersch,2200000000,2
Pieter van der Does,2000000000,2
Pinckaers Fabien,2100000000,2
Polys Haji-Ioannou,1300000000,1
Pongsak Viddayakorn,1300000000,1
Prachak Tangkaravakoon,1100000000,1
Pradeep Rathod,1000000000,1
Pradip Burman,1100000000,1
Prajogo Pangestu,43400000000,43
Prasert Prasarttong-Osoth,3700000000,4
Prathap Reddy,3000000000,3
Prathip Chiravanond,1800000000,2
Prayudh Mahagitsiri,2200000000,2
Prem Kumar Arora,2300000000,2
Premchand Godha,1400000000,1
Pyotr Aven,4300000000,4
Qi Jinxing,1800000000,2
Qi Shi & family,6300000000,6
Qi Xiangdong,1100000000,1
Qian Dongqi,2100000000,2
Qian Jinghong,1100000000,1
Qin Hua,1100000000,1
Qin Long,1400000000,1
Qin Yinglin,15500000000,16
Qiu Guanghe & family,2800000000,3
Qiu Jianping & family,2900000000,3
Qiu Minxiu,1300000000,1
Qiu Wensheng,1900000000,2
Qu Miranda,1300000000,1
Quek Leng Chan,8800000000,9
R. Budi Hartono,26500000000,27
R.G. Chandramogan,2300000000,2
Réal Plourde,1400000000,1
Raamdeo Agrawal,1100000000,1
Radha Vembu,3400000000,3
Radhakishan Damani,17600000000,18
Radhe Shyam Agarwal,1400000000,1
Radik Shaimiev,2200000000,2
Radovan Vitek,6700000000,7
Rafael Del Pino,6000000000,6
Rafaela Aponte-Diamant,33100000000,33
Rafique Malik,2800000000,3
Rahel Blocher,6400000000,6
Rahul Bhatia,5600000000,6
Rahul Gautam,1000000000,1
Raj Kumar,1600000000,2
Raj Sardana,2000000000,2
Rajan Mittal,6000000000,6
Rajan Raheja & family,4200000000,4
Rajeev Juneja,3000000000,3
Rajendra Agarwal,1900000000,2
Rajesh Sharma,1700000000,2
Rajinder Gupta,1800000000,2
Rajiv Bajaj,5200000000,5
Rajiv Jain,4200000000,4
Rajju Shroff,1100000000,1
Rakesh Gangwal,4800000000,5
Rakesh Mittal,6000000000,6
Ralph Dommermuth,2600000000,3
Ralph Lauren,9000000000,9
Ramesh Jaisinghani,1600000000,2
Ramesh Juneja,3000000000,3
Ramesh Kunhikannan,1400000000,1
Rameshchandra Jain,1700000000,2
Ramon Ang,3500000000,4
Ramzi Musallam,9000000000,9
Randa Duncan Williams,7700000000,8
Randal J. Kirk,1500000000,2
Randal Nardone,1400000000,1
Randolph Lerner,1200000000,1
Ranjan Pai,2800000000,3
Rao Wei & family,1600000000,2
Ravi Jaipuria,16200000000,16
Ravi Modi,2600000000,3
Ravi Pillai,3300000000,3
Ray Dalio,15400000000,15
Ray Davis,3000000000,3
Ray Lee Hunt,7200000000,7
Raymond Kwok,1200000000,1
Reed Hastings,4400000000,4
Regina Helena S. Velloso,1100000000,1
Regine Leibinger,1900000000,2
Reid Hoffman,2500000000,3
"Reinfried Pohl, Jr.",2300000000,2
Reinhold Schmieding,7300000000,7
Reinhold Wuerth & family,33600000000,34
Reinold Geiger,3000000000,3
Rekha Jhunjhunwala,8500000000,9
Remi Dassault,2500000000,3
Remo Ruffini,4000000000,4
Ren Jianhua,1700000000,2
Ren Jinsheng & family,1000000000,1
Ren Xiaoqing,4200000000,4
Renata Kellnerova & family,18000000000,18
Renate Reimann-Haas,5600000000,6
Renu Munjal,1600000000,2
Renuka Jagtiani,4800000000,5
Renzo Rosso & family,3700000000,4
Rezwan Razack,1300000000,1
Riaz Valani,1900000000,2
Ric Elias,1000000000,1
Ricardo Salinas Pliego & family,13400000000,13
Richard Branson,2100000000,2
Richard Chandler,2900000000,3
Richard Chang,1600000000,2
Richard Desmond,1300000000,1
Richard Fairbank,1200000000,1
Richard Fortin,2100000000,2
Richard Hayne,1700000000,2
Richard Kayne,1300000000,1
Richard Kinder,8100000000,8
Richard Kurtz,1000000000,1
Richard LeFrak & family,3500000000,4
Richard Li,4500000000,5
Richard Liu,4800000000,5
Richard Livingstone,4700000000,5
Richard Peery,3100000000,3
Richard Saghian,1300000000,1
Richard Sands,2500000000,3
Richard Schulze,4100000000,4
Richard Tsai,5200000000,5
Richard Uihlein,5200000000,5
Richard White,8200000000,8
"Richard Yuengling, Jr. & family",1000000000,1
Rick Caruso,5300000000,5
Rick Cohen & family,19600000000,20
Rihanna,1400000000,1
Riley Bechtel & family,2500000000,3
Rinat Akhmetov,4000000000,4
Rishad Naoroji,3800000000,4
Rita Tong Liu,3300000000,3
Rob Walton & family,77400000000,77
Robert Bass,5300000000,5
Robert Clark,2900000000,3
Robert Duggan,3900000000,4
Robert F. Smith,9200000000,9
Robert Faith,5800000000,6
Robert Fisher,1600000000,2
Robert Friedland,2900000000,3
Robert G. Miller,1900000000,2
"Robert Hale, Jr.",5400000000,5
Robert Johnson,3300000000,3
Robert Knauf,1000000000,1
Robert Kraft,11100000000,11
Robert Kuok,11400000000,11
Robert Langer,1200000000,1
Robert Miller,1800000000,2
Robert Mouawad,1500000000,2
Robert Ng,7100000000,7
Robert Pera,6400000000,6
Robert Peugeot & family,1300000000,1
"Robert Rich, Jr.",7200000000,7
Robert Rowling,8900000000,9
Robert Sands,3200000000,3
Robert Toennies,1200000000,1
Robert Ziff,6200000000,6
Roberto Angelini Rossi,1800000000,2
Roberto Hernandez Ramirez,1900000000,2
Roberto Irineu Marinho,2000000000,2
Robin Li,5900000000,6
Robin Zeng,22900000000,23
Robyn Jones,1000000000,1
Rocco Basilico,4700000000,5
Rocco Commisso,8000000000,8
Rodger Riney & family,3600000000,4
Rodney Sacks & family,3400000000,3
Rodolphe Saadé,8900000000,9
Roger Penske,4000000000,4
Roger Samuelsson,3000000000,3
Roger Wang,2500000000,3
Rolf Gerling,2300000000,2
Roman Abramovich & family,9700000000,10
Roman Avdeev,1200000000,1
Roman Trotsenko,2800000000,3
Romano Minozzi,1600000000,2
Romesh T. Wadhwani,5100000000,5
Ron Baron,5100000000,5
Ron Burkle,3000000000,3
Ron Corio,1700000000,2
Ron Sim,1600000000,2
Ronald Clarke,1400000000,1
Ronald Lauder,4600000000,5
Ronald McAulay,3100000000,3
Ronald Perelman,1800000000,2
Ronald Wanek,5300000000,5
Ronda Stryker,8200000000,8
"Roy Carroll, II.",2600000000,3
Roy Mann,1300000000,1
Roy Reznik,1000000000,1
Roy Vagelos,1000000000,1
Ruan Hongliang,3100000000,3
Ruan Liping,5800000000,6
Ruan Shuilong & family,1500000000,2
Ruan Xueping,5800000000,6
Rubén Coppel Luken,1900000000,2
Ruben Feffer,1500000000,2
Ruben Vardanyan & family,1100000000,1
Rubens Menin Teixeira de Souza,1900000000,2
Rubens Ometto Silveira Mello,1900000000,2
Rudolf Maag,6400000000,6
Rufino Vigil Gonzalez,3400000000,3
"Rupert Johnson, Jr.",4400000000,4
Rupert Murdoch & family,19500000000,20
Russ Weiner,5200000000,5
Rustem Sulteev,2200000000,2
Ryan Cohen,3400000000,3
Ryan Graves,1100000000,1
Ryan Smith,2200000000,2
Ryu Kwang-ji,1400000000,1
S. Curtis Johnson,4900000000,5
S. Daniel Abraham,2400000000,2
S.D. Shibulal,2000000000,2
Saban Cemil Kazanci,3500000000,4
Sabrina Benetton,1800000000,2
Sachin Bansal,1200000000,1
Safra Catz,1700000000,2
Said Gutseriev,1200000000,1
Saket Burman,1500000000,2
Salil Singhal,3100000000,3
Sam Altman,1000000000,1
Sam Chong,1700000000,2
Sam Goi,2400000000,2
Sam Hupert,1800000000,2
Sam Tarascio,1300000000,1
Sami Mnaymneh,5100000000,5
Samir Mehta,5800000000,6
Samuel Chen,1900000000,2
Samuel Tak Lee,3600000000,4
Samuel Yin,4200000000,4
Samvel Karapetyan,2900000000,3
Sandeep Engineer,3600000000,4
Sandor Csanyi,1600000000,2
Sandra Ortega Mera,9300000000,9
Sandro Veronesi & family,2000000000,2
Sanjay Agarwal,1100000000,1
Sanjeev Bikhchandani,2600000000,3
Sanjit Biswas,4600000000,5
Sanjiv Bajaj,5200000000,5
Sanjiv Goenka,3400000000,3
Sara Blakely,1300000000,1
Sara George Muthoot,1300000000,1
Sara Liu,1500000000,2
Sarah MacMillan,2000000000,2
Sarath Ratanavadi,10700000000,11
Saroj Rani Gupta,1600000000,2
Sasson Dayan & family,1700000000,2
Sathien Sathientham,1800000000,2
Satish Reddy,1800000000,2
Satyanarayan Nuwal,3600000000,4
Savitri Jindal & family,33500000000,34
Scot French,1100000000,1
Scott Cook,6400000000,6
Scott Crabill,3300000000,3
Scott Duncan,7600000000,8
Scott Farquhar,13000000000,13
Scott Kapnick,3000000000,3
Scott Lin,1700000000,2
Scott Nuttall,2200000000,2
Scott Shleifer,2500000000,3
Scott Smith,1200000000,1
Scott Watterson,1000000000,1
Sean Parker,2800000000,3
Sebastian Glaser,2700000000,3
Sebastian Kulczyk,1600000000,2
Sefik Yilmaz Dizdar,1900000000,2
Segolene Gallienne,3100000000,3
Sehat Sutardja,1300000000,1
Sekar Vembu,2500000000,3
Selcuk Bayraktar,1200000000,1
Semahat Sevim Arsel,3000000000,3
Senapathy Gopalakrishnan,3500000000,4
Seo Jung-jin,7300000000,7
Serge Godin,3300000000,3
Sergei Galitsky,3300000000,3
Sergei Gordeev,4000000000,4
Sergei Katsiev,1900000000,2
Sergei Kolesnikov,1400000000,1
Sergei Popov,3000000000,3
Sergei Studennikov & family,3200000000,3
Sergei Sudarikov,1800000000,2
Sergey Brin,1.1E+11,110
Sergey Dmitriev,2900000000,3
Sergey Lomakin,1700000000,2
Sergey Shishkarev,1000000000,1
Sergey Shnayder & family,1400000000,1
Sergio Fogel,1100000000,1
Sergio Stevanato & family,7000000000,7
Seth Boro,3300000000,3
Seth Klarman,1300000000,1
Sezai Bacaksiz,1900000000,2
Shahid Khan,12200000000,12
Shamsheer Vayalil,3500000000,4
Shao Genhuo,1400000000,1
Shao Qinxiang,1600000000,2
Shapoor Mistry,9900000000,10
Shari Arison,5500000000,6
Sharon Azrieli,1600000000,2
Sharron Hunt & family,1400000000,1
Shashishekar Pandit,1200000000,1
Shaul Shani,4300000000,4
Shay Banon,1200000000,1
She Yingjie,1000000000,1
Shekhar Bajaj,3800000000,4
Shen Guojun,5700000000,6
Shen Xiqiang & family,1800000000,2
Sheryl Sandberg,2200000000,2
Shi Yifeng,1200000000,1
Shi Yonghong & family,2200000000,2
Shi Yuzhu,2900000000,3
Shigefumi Wada,1300000000,1
Shigenobu Nagamori,2900000000,3
Shin Chang-jae,1100000000,1
Shirley Kao,1300000000,1
Shiv Kishan Agrawal,1700000000,2
Shiv Nadar,36900000000,37
Shivratan Agarwal,1200000000,1
Shivratan Taparia,1000000000,1
Shlomo Eliahu,1200000000,1
Shlomo Kramer,2400000000,2
Shmuel Harlap,2400000000,2
Shu Ping,1800000000,2
Shunsaku Sagami,1900000000,2
Shyam Bhartia,1500000000,2
Sid Bass,3800000000,4
Sidney Kimmel,1600000000,2
Simon Nixon,2000000000,2
Simon Reuben,9600000000,10
Simona Giorgetta,1100000000,1
Simone Maag de Moura Cunha,1300000000,1
Sjamsul Nursalim,1300000000,1
Sky Xu,11200000000,11
Smita Crishna-Godrej,3800000000,4
Soegiarto Adikoesoemo,1600000000,2
Sofia Högberg Schörling,5600000000,6
Sofie Kirk Kristiansen,6500000000,7
Sol Daurella,2600000000,3
Solina Chau,3100000000,3
Solomon Lew,2400000000,2
Somphote Ahunai,1600000000,2
Somsri Lamsam,1800000000,2
Somurai Jaruphnit,3100000000,3
Song Fei,1100000000,1
Song Zuowen,2500000000,3
Sophie Luise Fielmann,2700000000,3
Spiro Latsis & family,2200000000,2
Sri Prakash Lohia,8400000000,8
Stéphane Bancel,3800000000,4
Stanley Druckenmiller,6200000000,6
Stanley Hubbard,1600000000,2
Stanley Kroenke,16200000000,16
Stanley Motta,1100000000,1
Stanley Tang,1200000000,1
Stef Wertheimer & family,6300000000,6
Stefan Olsson,1900000000,2
Stefan Persson,16600000000,17
Stefan Quandt,27300000000,27
Stefan Reimann-Andersen,5600000000,6
Stefan Soloviev,2300000000,2
Stefan von Holtzbrinck,4400000000,4
Stefan Wirtgen,2900000000,3
Stefano Gabbana,2100000000,2
Stefano Pessina,6900000000,7
Stein Erik Hagen,2300000000,2
Stelios Haji-Ioannou,1200000000,1
Stephan Schmidheiny,2100000000,2
Stephan Schnabel,3800000000,4
Stephane Bonvin,1100000000,1
Stephen Bisciotti,7200000000,7
Stephen Butt & family,2000000000,2
Stephen Deckoff,3200000000,3
Stephen Feinberg,4800000000,5
Stephen Jarislowsky,1500000000,2
Stephen Lansdown,2600000000,3
"Stephen Mandel, Jr.",2500000000,3
Stephen Orenstein & family,2000000000,2
Stephen Ross,10100000000,10
Stephen Rubin,2400000000,2
Stephen Schwarzman,38800000000,39
Stephen Smith,4400000000,4
Stephen Winn,1500000000,2
Steve Ballmer,1.21E+11,121
Steve Case,2400000000,2
Steve Cohen,19800000000,20
Steve Lavin & family,3900000000,4
Steve Wynn,3400000000,3
Steven Klinsky,3600000000,4
Steven Meng Yang & family,2100000000,2
Steven Rales,8300000000,8
Steven Sarowitz,2400000000,2
Steven Schuurman,1400000000,1
Steven Spielberg,4800000000,5
Steven Tisch,1600000000,2
Steven Udvar-Hazy,4200000000,4
Stewart Butterfield,1700000000,2
Stewart Horejsi & family,3300000000,3
Stewart Rahr,3400000000,3
Stewart Resnick,5600000000,6
Strive Masiyiwa,1800000000,2
Stuart Hoegner,2500000000,3
Su Hua,2800000000,3
Su Qingcan,1800000000,2
Su Suyu & family,1400000000,1
Subbamma Jasti,1100000000,1
Sudhir Mehta,5800000000,6
Sue Gross,1600000000,2
Suh Kyung-bae,1300000000,1
Suhail Bahwan,2100000000,2
Sukanto Tanoto,3100000000,3
Suleiman Kerimov & family,10700000000,11
Suman Munjal,1600000000,2
Sumet Jiaravanon,5500000000,6
Sun Guangxin,2800000000,3
Sun Huaiqing & family,1300000000,1
Sun Mengquan & family,1800000000,2
Sun Piaoyang,8800000000,9
Sun Shoukuan,2400000000,2
Sun Weijie,1100000000,1
Sunil Mittal,9200000000,9
Sunil Vachani,1700000000,2
Sunjay Kapur,1600000000,2
Sunny Varkey,3300000000,3
Suresh Krishna,1300000000,1
Surjit Kumar Gupta,2400000000,2
Susan Alfond,3100000000,3
Susan Carol Holland,3500000000,4
Susan Co,1100000000,1
Susan Ocampo & family,1800000000,2
Susanne Klatten,26500000000,27
Swift Xie,1400000000,1
Sybill Storz,2700000000,3
Syed Mokhtar AlBukhary,1300000000,1
Sylvia Stroeher,2400000000,2
Sytse 'Sid' Sijbrandij,1500000000,2
Sze Man Bok,1400000000,1
T. Denny Sanford,2100000000,2
T.S. Kalyanaraman,3200000000,3
T.Y. Tsai,2500000000,3
Tadako Nakatani,1200000000,1
Tadashi Yanai & family,42800000000,43
Taha Mikati,2800000000,3
Tahir & family,4800000000,5
Takahisa Takahara,6400000000,6
Takao Yasuda,4100000000,4
Takaya Awata,1200000000,1
Takemitsu Takizaki,23100000000,23
Tamara Gustavson,7800000000,8
Tan Lili,1100000000,1
Tang Aoqi & family,1100000000,1
Tang Jinkui & family,1400000000,1
Tang Xiuguo,1000000000,1
Tang Ye,1200000000,1
Tang Yiu,2200000000,2
Tanya Saadé Zeenny,8900000000,9
Tatyana Bakalchuk,7400000000,7
Taylor Swift,1100000000,1
Ted Alfond,3100000000,3
Ted Turner,2500000000,3
Teddy Sagi,6400000000,6
Tench Coxe,4300000000,4
Terence (Terry) Matthews,1600000000,2
Teresita Sy-Coson,2300000000,2
Terrence Pegula,6800000000,7
Terry Gou,7500000000,8
Terry Snow,1800000000,2
Terry Taylor,1900000000,2
Thai Lee,5300000000,5
Thaksin Shinawatra,2100000000,2
"Theo Albrecht, Jr. & family",14000000000,14
Theo Mueller,5900000000,6
Theo Roussis & Family,3000000000,3
Theodore Leonsis,3100000000,3
Theodore Rachmat,3200000000,3
Thierry Cruanes,1000000000,1
Thierry Dassault,9400000000,9
Thomas Bailey,1300000000,1
Thomas Bruch,1600000000,2
Thomas Duff,3000000000,3
"Thomas Frist, Jr. & family",26200000000,26
Thomas Hagen,7600000000,8
Thomas James,2700000000,3
Thomas Kirk Kristiansen,6500000000,7
Thomas Kwok,1800000000,2
Thomas Peterffy,34000000000,34
Thomas Pritzker,6700000000,7
Thomas Sandell,1200000000,1
Thomas Schmidheiny,7000000000,7
Thomas Secunda,5400000000,5
Thomas Siebel,3900000000,4
Thomas Steyer,2000000000,2
Thomas Straumann,6000000000,6
Thomas Struengmann & family,9800000000,10
Thomas Tull,3000000000,3
Thomas von Koch,1600000000,2
Thomas Wu,2000000000,2
Thongma Vijitpongpun,1200000000,1
Thor Bjorgolfsson,2100000000,2
Tian Ming,1700000000,2
Tianqiao Chen,1000000000,1
Tibor Veres,1100000000,1
Tiger Woods,1300000000,1
Tilman Fertitta,9400000000,9
Tim Cook,2000000000,2
Tim Draper,2000000000,2
Tim Sweeney,5700000000,6
Timm Oberwelland,2700000000,3
Timothy Boyle,2200000000,2
Timothy Dunn & family,2200000000,2
Timothy Headington,1200000000,1
Timothy Springer,1500000000,2
Timur Kulibaev,5000000000,5
Timur Turlov,3300000000,3
Tobi Lutke,6900000000,7
Todd Boehly,6100000000,6
Todd Christopher,3200000000,3
Todd Graves,9100000000,9
Todd Wagner,1900000000,2
Todd Wanek,3200000000,3
Tom Ford,2200000000,2
Tom Golisano,5600000000,6
Tom Gores,9100000000,9
Tom Morris,4000000000,4
Tom Persson,1500000000,2
Tom Werner,2000000000,2
Tomas Olivo Lopez,3100000000,3
Tomasz Biernacki,5500000000,6
Tony Chen,1200000000,1
Tony Tamer,5100000000,5
Tony Tan Caktiong,1400000000,1
Tony Xu,2100000000,2
Tope Awotona,1400000000,1
Tor Peterson,2300000000,2
Torbjorn Tornqvist,5400000000,5
Torstein Hagen,1500000000,2
Torsten Toeller,1700000000,2
Tory Burch,1000000000,1
Toshio Motoya,1400000000,1
Toto Wolff,1600000000,2
Tran Ba Duong & family,1200000000,1
Tran Dinh Long,2600000000,3
Travis Boersma,2000000000,2
Travis Kalanick,3600000000,4
Trevor Rees-Jones,4900000000,5
Trudy Cathy White,11200000000,11
Tsai Cheng-ta,3900000000,4
Tsai Eng-meng,5800000000,6
Tsai Hong-tu,4000000000,4
Tsai Ming-kai,3700000000,4
Tsao Ter-fung,1200000000,1
Tse Ping & family,3800000000,4
Tseng Cheng,1700000000,2
Tseng Sing-ai,1100000000,1
Tung Chee Chen,3400000000,3
Tung Chee Hwa,2600000000,3
Ty Warner,5600000000,6
Tyler Perry,1400000000,1
Tyler Winklevoss,2700000000,3
Uday Kotak,13300000000,13
Udo Tschira,5200000000,5
Ugo Gussalli Beretta & family,2400000000,2
Ugur Sahin,3700000000,4
Ulrich Mommert & family,1300000000,1
Ulrike Baro,2600000000,3
Ulrike Meister,1600000000,2
Urs Wietlisbach,3400000000,3
V. Prem Watsa,1700000000,2
Vadim Moshkovich,2700000000,3
Vadim Novinsky,1200000000,1
Vadim Yakunin,1300000000,1
Vagit Alekperov,28600000000,29
Valentin Kipyatkov,2100000000,2
Valerie Mars,9600000000,10
Vanich Chaiyawan,3800000000,4
Vardis Vardinoyannis & family,2100000000,2
Vasily Anisimov,1700000000,2
Venu Srinivasan,3900000000,4
Vera Rechulski Santo Domingo,1100000000,1
Veronica Squinzi,1100000000,1
Viatcheslav Kantor,9800000000,10
Vicente Boluda Fos,1200000000,1
Vicky Safra & family,20600000000,21
Victor Pinchuk,2000000000,2
Victoria Mars,9600000000,10
Vijay Agarwal,1300000000,1
Vikas Oberoi,4500000000,5
Vikram Lal & family,6700000000,7
Viktor Kharitonin,6900000000,7
Viktor Rashnikov,10600000000,11
Viktor Vekselberg,7000000000,7
Vincent Bolloré & family,10000000000,10
Vincent Lo,1400000000,1
Vincent McMahon,2600000000,3
Vincent Viola,3700000000,4
Vinod Adani,23000000000,23
Vinod Khosla,6700000000,7
Vinod Rai Gupta,5000000000,5
Vinod Saraf,1600000000,2
Virendra Mhaiskar,1200000000,1
Vitaly Orlov,1300000000,1
Vivek Chaand Sehgal,4900000000,5
Vivek Chand Burman,2700000000,3
Vivek Jain,4000000000,4
Vlad Tenev,1100000000,1
Vladimir Bogdanov,1500000000,2
Vladimir Fartushnyak,1800000000,2
Vladimir Kim,3600000000,4
Vladimir Krupchak,1200000000,1
Vladimir Lisin,26600000000,27
Vladimir Litvinenko & family,3000000000,3
Vladimir Melnikov,1700000000,2
Vladimir Potanin,23700000000,24
Vladimir Yevtushenkov,1700000000,2
Vladislav Filev & family,1900000000,2
Vladislav Sviblov,1100000000,1
Vyacheslav Kim,5800000000,6
W. Herbert Hunt,4700000000,5
Walter Frey,3400000000,3
Walter P.J. Droege,3300000000,3
Walter Wang,3300000000,3
Walther Moreira Salles Junior,5300000000,5
Wan Long,1400000000,1
Wang Changtian,2000000000,2
Wang Chaobin,1700000000,2
Wang Chou-hsiong,1800000000,2
Wang Chuanfu,14200000000,14
Wang Jianfeng & family,1100000000,1
Wang Jianlin,6300000000,6
Wang Jianyi,1100000000,1
Wang Jilei,1200000000,1
Wang Jinhua,1100000000,1
Wang Junlin & family,4000000000,4
Wang Junmin,1500000000,2
Wang Junshi & family,2300000000,2
Wang Laichun,6600000000,7
Wang Laisheng,6800000000,7
Wang Linpeng,1400000000,1
Wang Liping & family,7600000000,8
Wang Ning & family,1800000000,2
Wang Shih-Chung,1200000000,1
Wang Wei,13800000000,14
Wang Weixiu & family,3000000000,3
Wang Wenjing,2400000000,2
Wang Wenmo,1700000000,2
Wang Xicheng & family,2400000000,2
Wang Xing,8800000000,9
Wang Yanqing & family,2400000000,2
Wang Yanqing & family,1000000000,1
Wang Yusuo & family,7100000000,7
Wang Zhenghua,1800000000,2
Wang Zhenhua,1400000000,1
Warren Buffett,1.33E+11,133
Warren Stephens,3200000000,3
Wayne Rothbaum,3100000000,3
Wee Ee Chao,1300000000,1
Wee Ee Cheong,1600000000,2
Wee Ee Lim,1300000000,1
Wei Huang,1600000000,2
Wei Ing-Chou,1900000000,2
Wei Jianjun & family,11200000000,11
Wei Yin-Chun,1800000000,2
Wei Yin-Heng,1800000000,2
Wei Ying-Chiao,1800000000,2
Weijian Shan,1100000000,1
Weili Dai,1400000000,1
Wen Pengcheng & family,1000000000,1
Weng Xianding,2200000000,2
Wenrong Shen,3800000000,4
Werner O. Weber,1200000000,1
Wesley Batista,3300000000,3
Wesley Edens,4300000000,4
Wichai Thongtang,2100000000,2
Wijono Tanoko,1000000000,1
Wilhelm Beier & family,2600000000,3
Will Adderley,2000000000,2
William Ackman,4300000000,4
William Belo,1000000000,1
William Berkley,4700000000,5
William Boyd & family,2200000000,2
"William Conway, Jr.",3800000000,4
William Ding,33500000000,34
William Fisher,1500000000,2
"William Foley, II.",1800000000,2
William Franke,1300000000,1
William Fung,1100000000,1
William Goldring & family,6000000000,6
William Heinecke,1700000000,2
William Koch,2000000000,2
William Lauder,2300000000,2
William MacMillan,1300000000,1
William Stone,2400000000,2
William Teh Lee Pang,1400000000,1
"William Wrigley, Jr.",3200000000,3
William Young,2900000000,3
Willis Johnson,3100000000,3
Willy Michel,4700000000,5
Wilma Tisch,1800000000,2
Wim van der Leegte & family,3600000000,4
Winifred J. Marquart,4900000000,5
Wirastuty Fangiono,1200000000,1
Wolfgang Herz,7900000000,8
Wolfgang Leitner,2700000000,3
Wolfgang Marguerre & family,6400000000,6
Wolfgang Reimann,5600000000,6
Wong Luen Hei,2000000000,2
Wong Man Li,2000000000,2
Wu Bo,1100000000,1
Wu Chung-yi,1300000000,1
Wu Guangming,3000000000,3
Wu Guanjiang & family,3100000000,3
Wu Jianshu,5200000000,5
Wu Kai,1600000000,2
Wu Kaiting,1100000000,1
Wu Lanlan & family,1500000000,2
Wu Li-gann,1900000000,2
Wu Shaoxun,1900000000,2
Wu Xiangdong,3300000000,3
Wu Xubo,1100000000,1
Wu Xushun & family,1300000000,1
Wu Yajun,5800000000,6
Wu Yiling,2900000000,3
Wu Yingming,1300000000,1
Wu Yulan,1500000000,2
Wu Zhigang & family,1600000000,2
Wu Zhongyi,1000000000,1
Xavier Niel,9900000000,10
Xia Zuoquan,2900000000,3
Xiang Guangda,4400000000,4
Xiang Guangming & family,1500000000,2
Xiang Wenbo,1100000000,1
Xiao Yongming & family,3800000000,4
Xie Bingkun & family,1700000000,2
Xie Juhua & family,1300000000,1
Xie Liangzhi & family,2500000000,3
Xie Weitong,2600000000,3
Xiu Laigui,1100000000,1
Xu Chuanhua & family,1500000000,2
Xu Gang,1000000000,1
Xu Hang,9500000000,10
Xu Jinfu & family,1900000000,2
Xu Shihui,7900000000,8
Xu Shugen,2200000000,2
Xu Wanmao,1000000000,1
Xu Xudong & family,1300000000,1
Xu Yingzhuo,1600000000,2
Xu Yuejuan,1100000000,1
Xu Zhenhua,1500000000,2
Xu Zhihan,1400000000,1
Xue Hua,2300000000,2
Xue Jiping,1000000000,1
Xue Min,3800000000,4
Xue Xiangdong & family,1500000000,2
Yadu Hari Dalmia & family,2700000000,3
Yakir Gabay,3900000000,4
Yan Zhi,1600000000,2
Yang Huiyan & family,3200000000,3
Yang Shaopeng,3400000000,3
Yang Tingdong,1100000000,1
Yang Weidong & family,2400000000,2
Yang Xuegang,1400000000,1
Yang Ying & family,1100000000,1
Yang Yuanqing,1000000000,1
Yao Hsiao Tung,1100000000,1
Yao Kuizhang,1600000000,2
Yao Liangsong,4000000000,4
Yasseen Mansour,1200000000,1
Yasuhide Uno,1200000000,1
Yasuhiro Fukushima,1500000000,2
Yasuhisa Ito,1500000000,2
Yasumitsu Shigeta,4600000000,5
Ye Chenghai & family,2400000000,2
Ye Guofu,2200000000,2
Ye Qiongjiu,1300000000,1
Ye Xiaoping,1200000000,1
Yeh Kuo-I,1700000000,2
Yeung Kin-man,2300000000,2
Yi Dasheng,1500000000,2
Yi Xianzhong & family,1300000000,1
Yi Zheng,3900000000,4
Yin Yee Lee,2100000000,2
Yinon Costica,1000000000,1
Yitzhak Tshuva,4500000000,5
Yogesh Kothari,1000000000,1
Yoichi Erikawa,1100000000,1
Yoo Jung-hyun,2300000000,2
Yoshiaki Yoshida,1400000000,1
Yoshiko Mori,1800000000,2
You Xiaoping & family,5900000000,6
Youssef Mansour,1300000000,1
Yu Faxiang,1100000000,1
Yu Lili,1600000000,2
Yu Peidi,1300000000,1
Yu Qibing & family,1600000000,2
Yu Renrong,4200000000,4
Yu Yong,10300000000,10
Yu Zhuyun,2400000000,2
Yuan Fugen & family,1400000000,1
Yuan Zhongxue,1500000000,2
Yuji Otsuka,3400000000,3
Yuri Karptsov,1300000000,1
Yuri Kovalchuk & family,3200000000,3
Yuri Milner,5900000000,6
Yuri Shefler,1600000000,2
Yusaku Maezawa,1500000000,2
Yusuf Hamied,2900000000,3
Yves-Loic Martin,1200000000,1
Yvonne Bauer,2300000000,2
Zachary Stern,1200000000,1
Zadik Bino & family,1900000000,2
Zahan Mistry,4900000000,5
Zakhar Smushkin,2100000000,2
Zan Shengda,1000000000,1
Zarakh Iliev,2900000000,3
Zbigniew Juroszek & family,1800000000,2
Zeng Fangqin,3500000000,4
Zeng Kaitian,1400000000,1
Zhang Bangxin,2400000000,2
Zhang Congyuan,8600000000,9
Zhang Daocai,4200000000,4
Zhang Fan,2200000000,2
Zhang Gongyun,1200000000,1
Zhang Hejun,3600000000,4
Zhang Hong,1000000000,1
Zhang Hongwei,1400000000,1
Zhang Jian,2900000000,3
Zhang Jianguo & family,1100000000,1
Zhang Jingzhang & family,2200000000,2
Zhang Keqiang,1200000000,1
Zhang Lei,3000000000,3
Zhang Li,1700000000,2
Zhang Liguo,1400000000,1
Zhang Ning,1600000000,2
Zhang Shilong & family,1200000000,1
Zhang Tao,3100000000,3
Zhang Wanzhen,1700000000,2
Zhang Wenzhong,1300000000,1
Zhang Xiaojuan,1400000000,1
Zhang Xin,1100000000,1
Zhang Xinghai & family,2700000000,3
Zhang Xuexin & family,3900000000,4
Zhang Yiming,43400000000,43
Zhang Yin,1300000000,1
Zhang Yong,4900000000,5
Zhang Yubai,1100000000,1
Zhang Zhidong,9400000000,9
Zhao Fenggang,1600000000,2
Zhao Hongfei,1200000000,1
Zhao Lixin,2700000000,3
Zhao Tao,2000000000,2
Zhao Yan,3300000000,3
Zheng Fan,1500000000,2
Zheng Jianjiang & family,2700000000,3
Zheng Shuliang & family,8000000000,8
Zheng Xiaodong,1000000000,1
Zhong Huijuan,7700000000,8
Zhong Shanshan,62300000000,62
Zhong Sheng Jian,1000000000,1
Zhou Bajin,3400000000,3
Zhou Chaonan,2800000000,3
Zhou Chengjian,1300000000,1
Zhou Hongyi,2100000000,2
Zhou Jian,2700000000,3
Zhou Jianping,4000000000,4
Zhou Junjie,1000000000,1
Zhou Liangzhang & family,1100000000,1
Zhou Qunfei,6100000000,6
Zhou Yahui,1600000000,2
Zhou Zongwen & family,1800000000,2
Zhu Baoguo & family,4600000000,5
Zhu Gongshan & family,2400000000,2
Zhu Xingming,2600000000,3
Zhu Yan & family,3700000000,4
Zhu Yi,4700000000,5
Zhu Yiwen & family,1000000000,1
Zhu Zhaojiang,2100000000,2
Zhuang Kuilong & family,1200000000,1
Ziv Aviram,1400000000,1
Zou Zhinong & family,2400000000,2
Zsolt Felcsuti,1300000000,1
Zygmunt Solorz,2100000000,2